--
-- Script was generated by Devart dbForge Studio 2022 for MySQL, Version 9.1.21.0
-- Product home page: http://www.devart.com/dbforge/mysql/studio
-- Script date 01/02/2024 02:15:47
-- Server version: 8.0.32
-- Client version: 4.1
--

-- 
-- Disable foreign keys
-- 
/*!40014 SET @OLD_FOREIGN_KEY_CHECKS=@@FOREIGN_KEY_CHECKS, FOREIGN_KEY_CHECKS=0 */;

-- 
-- Set SQL mode
-- 
/*!40101 SET @OLD_SQL_MODE=@@SQL_MODE, SQL_MODE='NO_AUTO_VALUE_ON_ZERO' */;

-- 
-- Set character set the client will use to send SQL statements to the server
--
SET NAMES 'utf8';

--
-- Set default database
--
USE hcode_dev_g2;

--
-- Drop procedure `proc_ContestAccount_Filter`
--
DROP PROCEDURE IF EXISTS proc_ContestAccount_Filter;

--
-- Drop procedure `proc_Role_GetAll`
--
DROP PROCEDURE IF EXISTS proc_Role_GetAll;

--
-- Drop procedure `proc_Role_GetByCode`
--
DROP PROCEDURE IF EXISTS proc_Role_GetByCode;

--
-- Drop procedure `proc_Submission_Filter`
--
DROP PROCEDURE IF EXISTS proc_Submission_Filter;

--
-- Drop view `view_submission_list`
--
DROP VIEW IF EXISTS view_submission_list CASCADE;

--
-- Drop table `submission`
--
DROP TABLE IF EXISTS submission;

--
-- Drop view `view_language`
--
DROP VIEW IF EXISTS view_language CASCADE;

--
-- Drop procedure `proc_Problem_Get`
--
DROP PROCEDURE IF EXISTS proc_Problem_Get;

--
-- Drop view `view_problem`
--
DROP VIEW IF EXISTS view_problem CASCADE;

--
-- Drop table `language`
--
DROP TABLE IF EXISTS language;

--
-- Drop procedure `proc_Contest_Get`
--
DROP PROCEDURE IF EXISTS proc_Contest_Get;

--
-- Drop view `view_contest_account`
--
DROP VIEW IF EXISTS view_contest_account CASCADE;

--
-- Drop view `view_contest_account_list`
--
DROP VIEW IF EXISTS view_contest_account_list CASCADE;

--
-- Drop view `view_contest_list`
--
DROP VIEW IF EXISTS view_contest_list CASCADE;

--
-- Drop procedure `proc_Contest_Filter`
--
DROP PROCEDURE IF EXISTS proc_Contest_Filter;

--
-- Drop table `contest_account`
--
DROP TABLE IF EXISTS contest_account;

--
-- Drop view `view_contest_problem_account`
--
DROP VIEW IF EXISTS view_contest_problem_account CASCADE;

--
-- Drop table `contest_problem_account`
--
DROP TABLE IF EXISTS contest_problem_account;

--
-- Drop view `view_contest_problem_list`
--
DROP VIEW IF EXISTS view_contest_problem_list CASCADE;

--
-- Drop table `contest_problem`
--
DROP TABLE IF EXISTS contest_problem;

--
-- Drop view `view_contest`
--
DROP VIEW IF EXISTS view_contest CASCADE;

--
-- Drop table `contest`
--
DROP TABLE IF EXISTS contest;

--
-- Drop table `parameter`
--
DROP TABLE IF EXISTS parameter;

--
-- Drop view `view_problem_list`
--
DROP VIEW IF EXISTS view_problem_list CASCADE;

--
-- Drop procedure `proc_Problem_Filter`
--
DROP PROCEDURE IF EXISTS proc_Problem_Filter;

--
-- Drop procedure `proc_ProblemAccount_Audit`
--
DROP PROCEDURE IF EXISTS proc_ProblemAccount_Audit;

--
-- Drop table `problem_account`
--
DROP TABLE IF EXISTS problem_account;

--
-- Drop table `testcase`
--
DROP TABLE IF EXISTS testcase;

--
-- Drop procedure `proc_Problem_GetForContest`
--
DROP PROCEDURE IF EXISTS proc_Problem_GetForContest;

--
-- Drop procedure `proc_Problem_GetMaxCode`
--
DROP PROCEDURE IF EXISTS proc_Problem_GetMaxCode;

--
-- Drop table `problem`
--
DROP TABLE IF EXISTS problem;

--
-- Drop procedure `proc_Account_GetByUsername`
--
DROP PROCEDURE IF EXISTS proc_Account_GetByUsername;

--
-- Drop procedure `proc_Account_Login`
--
DROP PROCEDURE IF EXISTS proc_Account_Login;

--
-- Drop view `view_account`
--
DROP VIEW IF EXISTS view_account CASCADE;

--
-- Drop procedure `proc_Account_Insert_ob`
--
DROP PROCEDURE IF EXISTS proc_Account_Insert_ob;

--
-- Drop table `account`
--
DROP TABLE IF EXISTS account;

--
-- Set default database
--
USE hcode_dev_g2;

--
-- Create table `account`
--
CREATE TABLE account (
  AccountId char(36) NOT NULL DEFAULT (UUID()),
  Username varchar(50) NOT NULL,
  Password varchar(255) NOT NULL,
  Email varchar(100) NOT NULL,
  Phone varchar(50) DEFAULT NULL,
  FullName varchar(100) DEFAULT NULL,
  Gender int DEFAULT NULL COMMENT '0: Nam; 1: Nữ; 3: Khác',
  Avatar blob DEFAULT NULL,
  DateOfBirth date DEFAULT NULL,
  Role int DEFAULT NULL,
  IsVerified tinyint(1) DEFAULT 0,
  CreatedBy varchar(255) DEFAULT NULL,
  CreatedTime datetime DEFAULT NULL,
  ModifiedBy varchar(255) DEFAULT NULL,
  ModifiedTime datetime DEFAULT NULL,
  Salt varchar(255) NOT NULL,
  PRIMARY KEY (AccountId)
)
ENGINE = INNODB,
AVG_ROW_LENGTH = 13468,
CHARACTER SET utf8mb4,
COLLATE utf8mb4_0900_ai_ci;

--
-- Create index `UK_account_AccountId` on table `account`
--
ALTER TABLE account
ADD UNIQUE INDEX UK_account_AccountId (AccountId);

--
-- Create index `UK_account_Username` on table `account`
--
ALTER TABLE account
ADD UNIQUE INDEX UK_account_Username (Username);

--
-- Create index `IDX_account_Password` on table `account`
--
ALTER TABLE account
ADD INDEX IDX_account_Password (Password);

--
-- Create index `IDX_account_FullName` on table `account`
--
ALTER TABLE account
ADD INDEX IDX_account_FullName (FullName);

--
-- Create index `IDX_account_Email` on table `account`
--
ALTER TABLE account
ADD INDEX IDX_account_Email (Email);

--
-- Create index `IDX_account_Salt` on table `account`
--
ALTER TABLE account
ADD INDEX IDX_account_Salt (Salt);

--
-- Create index `IDX_account_RoleId` on table `account`
--
ALTER TABLE account
ADD INDEX IDX_account_RoleId (Role);

DELIMITER $$

--
-- Create procedure `proc_Account_Insert_ob`
--
CREATE PROCEDURE proc_Account_Insert_ob (IN p_AccountId char(36), IN p_Username varchar(50), IN p_Password varchar(255), IN p_Salt varchar(255), IN p_Email varchar(100), IN p_Phone varchar(50), IN p_FullName varchar(100), IN p_Gender int, IN p_Avatar blob, IN p_DateOfBirth date, IN p_RoleId char(36), IN p_IsVerified tinyint(1), IN p_CreatedBy varchar(255), IN p_CreatedTime datetime, IN p_ModifiedBy varchar(255), IN p_ModifiedTime datetime, OUT p_AccountIdOut char(36))
SQL SECURITY INVOKER
COMMENT 'Thêm mới 1 tài khoản'
BEGIN
  INSERT INTO account (AccountId,
  Username,
  Password,
  Salt,
  Email,
  Phone,
  FullName,
  Gender,
  Avatar,
  DateOfBirth,
  RoleId,
  IsVerified,
  CreatedBy,
  CreatedTime,
  ModifiedBy,
  ModifiedTime)
    VALUES (p_AccountId, p_Username, p_Password, p_Salt, p_Email, p_Phone, p_FullName, p_Gender, p_Avatar, p_DateOfBirth, p_RoleId, p_IsVerified, p_CreatedBy, p_CreatedTime, p_ModifiedBy, p_ModifiedTime);

  SELECT
    p_AccountId INTO p_AccountIdOut;
END
$$

DELIMITER ;

--
-- Create view `view_account`
--
CREATE
DEFINER = 'root'@'localhost'
VIEW view_account
AS
SELECT
  ROW_NUMBER() OVER (
  ORDER BY `a`.`CreatedTime` DESC, `a`.`Username`) AS `RowNumber`,
  `a`.`AccountId` AS `AccountId`,
  `a`.`Username` AS `Username`,
  `a`.`Password` AS `Password`,
  `a`.`Salt` AS `Salt`,
  `a`.`Email` AS `Email`,
  `a`.`Phone` AS `Phone`,
  `a`.`FullName` AS `FullName`,
  `a`.`Gender` AS `Gender`,
  `a`.`Avatar` AS `Avatar`,
  `a`.`DateOfBirth` AS `DateOfBirth`,
  `a`.`Role` AS `Role`,
  `a`.`IsVerified` AS `IsVerified`,
  `a`.`CreatedBy` AS `CreatedBy`,
  `a`.`CreatedTime` AS `CreatedTime`,
  `a`.`ModifiedBy` AS `ModifiedBy`,
  `a`.`ModifiedTime` AS `ModifiedTime`
FROM `account` `a`;

DELIMITER $$

--
-- Create procedure `proc_Account_Login`
--
CREATE PROCEDURE proc_Account_Login (IN p_Username varchar(255), IN p_Password varchar(255))
SQL SECURITY INVOKER
BEGIN
  SELECT
    *
  FROM view_account va
  WHERE va.Username = p_Username
  AND va.Password = p_Password;
END
$$

--
-- Create procedure `proc_Account_GetByUsername`
--
CREATE PROCEDURE proc_Account_GetByUsername (IN p_Username varchar(255))
SQL SECURITY INVOKER
BEGIN
  SELECT
    *
  FROM view_account va
  WHERE va.Username LIKE p_Username;
END
$$

DELIMITER ;

--
-- Create table `problem`
--
CREATE TABLE problem (
  ProblemId char(36) NOT NULL DEFAULT (UUID()),
  ProblemCode int NOT NULL,
  ProblemName varchar(255) CHARACTER SET utf8mb4 COLLATE utf8mb4_0900_as_ci NOT NULL,
  Alias varchar(255) DEFAULT NULL,
  Difficulty int DEFAULT 1,
  Content text DEFAULT NULL,
  Hint text DEFAULT NULL,
  Solution text DEFAULT NULL,
  SolutionLanguageId char(36) DEFAULT NULL,
  LimitTime decimal(10, 6) DEFAULT NULL COMMENT 'milisecond',
  LimitMemory decimal(10, 4) DEFAULT NULL COMMENT 'byte',
  AccountId char(36) DEFAULT NULL,
  State int DEFAULT NULL COMMENT '1:  Public; 2: DeactivatedPublic; 3: Private ',
  CreatedBy varchar(255) DEFAULT NULL,
  CreatedTime datetime DEFAULT NULL,
  ModifiedBy varchar(255) DEFAULT NULL,
  ModifiedTime datetime DEFAULT NULL,
  Topic varchar(255) DEFAULT NULL,
  OutputType int DEFAULT NULL,
  IsDraft tinyint(1) DEFAULT 0,
  PRIMARY KEY (ProblemId)
)
ENGINE = INNODB,
AVG_ROW_LENGTH = 576,
CHARACTER SET utf8mb4,
COLLATE utf8mb4_0900_ai_ci;

--
-- Create index `UK_problem_ProblemId` on table `problem`
--
ALTER TABLE problem
ADD UNIQUE INDEX UK_problem_ProblemId (ProblemId);

--
-- Create index `UK_problem_Alias` on table `problem`
--
ALTER TABLE problem
ADD UNIQUE INDEX UK_problem_Alias (Alias);

--
-- Create index `IDX_problem_ProblemName` on table `problem`
--
ALTER TABLE problem
ADD INDEX IDX_problem_ProblemName (ProblemName);

--
-- Create index `IDX_problem_AccountId` on table `problem`
--
ALTER TABLE problem
ADD INDEX IDX_problem_AccountId (AccountId);

--
-- Create index `IDX_problem_ProblemCode` on table `problem`
--
ALTER TABLE problem
ADD INDEX IDX_problem_ProblemCode (ProblemCode);

--
-- Create foreign key
--
ALTER TABLE problem
ADD CONSTRAINT FK_problem_AccountId FOREIGN KEY (AccountId)
REFERENCES account (AccountId) ON DELETE CASCADE;

DELIMITER $$

--
-- Create procedure `proc_Problem_GetMaxCode`
--
CREATE PROCEDURE proc_Problem_GetMaxCode (IN p_State int,
IN p_AccountId char(36))
SQL SECURITY INVOKER
BEGIN
  SET @PublicState = 1;
  SET @PrivateState = 3;

  IF (p_State = @PublicState) THEN
    SELECT
      COALESCE(MAX(CAST(p.ProblemCode AS UNSIGNED)), 0) AS MaxCode
    FROM problem p
    WHERE p.State = p_State;

  ELSEIF (p_State = @PrivateState) THEN
    SELECT
      COALESCE(MAX(CAST(p.ProblemCode AS UNSIGNED)), 0) AS MaxCode
    FROM problem p
    WHERE p.State = p_State
    AND p.AccountId = p_AccountId;
  END IF;

END
$$

--
-- Create procedure `proc_Problem_GetForContest`
--
CREATE PROCEDURE proc_Problem_GetForContest (IN p_AccountId char(36))
SQL SECURITY INVOKER
BEGIN
  SELECT
    ROW_NUMBER() OVER (
    ORDER BY `p`.`ProblemCode`, `p`.`ProblemName`, `p`.`CreatedTime`) AS `RowNumber`,
    `p`.`ProblemId` AS `ProblemId`,
    `p`.`ProblemCode` AS `ProblemCode`,
    CONCAT(`p`.`ProblemCode`, '. ', `p`.`ProblemName`) AS `ProblemName`,
    `p`.`Alias` AS `Alias`,
    `p`.`Difficulty` AS `Difficulty`,
    `p`.`Content` AS `Content`,
    `p`.`LimitTime` AS `LimitTime`,
    `p`.`LimitMemory` AS `LimitMemory`,
    `p`.`AccountId` AS `AccountId`,
    `p`.`State` AS `State`,
    `p`.`CreatedBy` AS `CreatedBy`,
    `p`.`CreatedTime` AS `CreatedTime`,
    `p`.`ModifiedBy` AS `ModifiedBy`,
    `p`.`ModifiedTime` AS `ModifiedTime`,
    `p`.`Topic` AS `Topic`,
    `p`.`IsDraft` AS `IsDraft`
  FROM problem p
  WHERE p.IsDraft = 0
  AND p.AccountId = p_AccountId
  ;
END
$$

DELIMITER ;

--
-- Create table `testcase`
--
CREATE TABLE testcase (
  TestcaseId char(36) NOT NULL DEFAULT (UUID()),
  ProblemId char(36) NOT NULL,
  Inputs json DEFAULT NULL,
  ExpectedOutput text DEFAULT NULL,
  TestcaseOrder int DEFAULT NULL,
  AllowView tinyint(1) DEFAULT 1,
  IsActivated tinyint(1) DEFAULT 1,
  PRIMARY KEY (TestcaseId)
)
ENGINE = INNODB,
AVG_ROW_LENGTH = 163,
CHARACTER SET utf8mb4,
COLLATE utf8mb4_0900_ai_ci;

--
-- Create index `UK_testcase_TestcaseId` on table `testcase`
--
ALTER TABLE testcase
ADD UNIQUE INDEX UK_testcase_TestcaseId (TestcaseId);

--
-- Create index `IDX_testcase_ProblemId` on table `testcase`
--
ALTER TABLE testcase
ADD INDEX IDX_testcase_ProblemId (ProblemId);

--
-- Create foreign key
--
ALTER TABLE testcase
ADD CONSTRAINT FK_testcase_ProblemId FOREIGN KEY (ProblemId)
REFERENCES problem (ProblemId) ON DELETE CASCADE;

--
-- Create table `problem_account`
--
CREATE TABLE problem_account (
  ProblemAccountId char(36) NOT NULL DEFAULT 'uuid',
  ProblemId char(36) NOT NULL,
  AccountId char(36) NOT NULL,
  State int DEFAULT NULL COMMENT '1: Seen; 2: Doing; 3: Wrong; 4: Solved',
  PRIMARY KEY (ProblemAccountId)
)
ENGINE = INNODB,
AVG_ROW_LENGTH = 297,
CHARACTER SET utf8mb4,
COLLATE utf8mb4_0900_ai_ci;

--
-- Create index `UK_problem_account_ProblemAccountId` on table `problem_account`
--
ALTER TABLE problem_account
ADD UNIQUE INDEX UK_problem_account_ProblemAccountId (ProblemAccountId);

--
-- Create index `IDX_problem_account_ProblemId` on table `problem_account`
--
ALTER TABLE problem_account
ADD INDEX IDX_problem_account_ProblemId (ProblemId);

--
-- Create index `IDX_problem_account_AccountId` on table `problem_account`
--
ALTER TABLE problem_account
ADD INDEX IDX_problem_account_AccountId (AccountId);

--
-- Create foreign key
--
ALTER TABLE problem_account
ADD CONSTRAINT FK_problem_account_AccountId FOREIGN KEY (AccountId)
REFERENCES account (AccountId) ON DELETE CASCADE;

--
-- Create foreign key
--
ALTER TABLE problem_account
ADD CONSTRAINT FK_problem_account_ProblemId FOREIGN KEY (ProblemId)
REFERENCES problem (ProblemId) ON DELETE CASCADE;

DELIMITER $$

--
-- Create procedure `proc_ProblemAccount_Audit`
--
CREATE PROCEDURE proc_ProblemAccount_Audit (IN p_ProblemId char(36), IN p_AccountId char(36), IN p_State int)
SQL SECURITY INVOKER
BEGIN
  DECLARE problemAccountIdFound char(36);

  SELECT
    pa.ProblemAccountId INTO problemAccountIdFound
  FROM problem_account pa
  WHERE pa.ProblemId = p_ProblemId
  AND pa.AccountId = p_AccountId;

  IF (problemAccountIdFound IS NULL) THEN
    INSERT INTO problem_account (ProblemAccountId, ProblemId, AccountId, State)
      VALUES (UUID(), p_ProblemId, p_AccountId, p_State);
  ELSE
    UPDATE problem_account
    SET State = p_State
    WHERE ProblemAccountId = problemAccountIdFound;
  END IF;

  SELECT
    problemAccountIdFound;
END
$$

--
-- Create procedure `proc_Problem_Filter`
--
CREATE PROCEDURE proc_Problem_Filter (IN p_QuerySearch varchar(10000),
IN p_QuerySort varchar(10000),
IN p_QueryFilter varchar(10000),
IN p_AccountId char(36))
SQL SECURITY INVOKER
COMMENT 'Lọc, tìm kiếm, sắp xếp problem theo AccountId - nlnhat (17/08/2023)'
BEGIN

  DROP TEMPORARY TABLE IF EXISTS tmp_data;
  IF (p_AccountId IS NOT NULL
    AND p_AccountId <> '00000000-0000-0000-0000-000000000000') THEN
    CREATE TEMPORARY TABLE tmp_data
    SELECT
      pa.State AS ProblemAccountState,
      vpl.*
    FROM view_problem_list vpl
      LEFT JOIN problem_account pa
        ON vpl.ProblemId = pa.ProblemId
        AND pa.AccountId = p_AccountId;
  ELSE
    CREATE TEMPORARY TABLE tmp_data
    SELECT
      0 AS ProblemAccountState,
      vpl.*
    FROM view_problem_list vpl;
  END IF;

  SET @query = CONCAT(
  'SELECT * FROM tmp_data
     WHERE 1=1 ', ' ', p_QuerySearch, ' ', p_QueryFilter, ' ', p_QuerySort, ';');

  PREPARE proc FROM @query;
  EXECUTE proc;
  DEALLOCATE PREPARE proc;
  DROP TEMPORARY TABLE IF EXISTS tmp_data;

END
$$

DELIMITER ;

--
-- Create view `view_problem_list`
--
CREATE
DEFINER = 'root'@'localhost'
SQL SECURITY INVOKER
VIEW view_problem_list
AS
WITH `acceptedcounts`
AS
(SELECT
      `p`.`ProblemId` AS `accepted_problem_id`,
      COUNT(`p`.`ProblemId`) AS `accepted_count`
    FROM (`problem` `p`
      JOIN `problem_account` `pa`
        ON (((`p`.`ProblemId` = `pa`.`ProblemId`)
        AND (`pa`.`State` = 4))))
    GROUP BY `p`.`ProblemId`), `seencounts`
AS
(SELECT
      `p`.`ProblemId` AS `seen_problem_id`,
      COUNT(`p`.`ProblemId`) AS `seen_count`
    FROM (`problem` `p`
      JOIN `problem_account` `pa`
        ON ((`p`.`ProblemId` = `pa`.`ProblemId`)))
    GROUP BY `p`.`ProblemId`), `problemorder`
AS
(SELECT
      `p`.`ProblemId` AS `ProblemId`,
      DENSE_RANK() OVER (
      ORDER BY `p`.`ProblemCode` DESC) AS `RowNumber`
    FROM `problem` `p`)
SELECT
  `po`.`RowNumber` AS `RowNumber`,
  `p`.`ProblemId` AS `ProblemId`,
  `p`.`ProblemCode` AS `ProblemCode`,
  CONCAT(`p`.`ProblemCode`, '. ', `p`.`ProblemName`) AS `ProblemName`,
  `p`.`Difficulty` AS `Difficulty`,
  `p`.`State` AS `State`,
  `p`.`CreatedTime` AS `CreatedTime`,
  `p`.`CreatedBy` AS `CreatedBy`,
  `p`.`ModifiedBy` AS `ModifiedBy`,
  `p`.`ModifiedTime` AS `ModifiedTime`,
  `p`.`AccountId` AS `AccountId`,
  `p`.`Topic` AS `Topic`,
  `p`.`IsDraft` AS `IsDraft`,
  COALESCE(`accepted`.`accepted_count`, 0) AS `AcceptedCount`,
  COALESCE(`seen`.`seen_count`, 0) AS `SeenCount`,
  (CASE WHEN (COALESCE(`seen`.`seen_count`, 0) = 0) THEN 0 ELSE (COALESCE(`accepted`.`accepted_count`, 0) / COALESCE(`seen`.`seen_count`, 0)) END) AS `AcceptedRate`,
  ((1.5 * `accepted`.`accepted_count`) + (1 * `seen`.`seen_count`)) AS `ReactionScore`
FROM (((`problemorder` `po`
  JOIN `problem` `p`
    ON ((`po`.`ProblemId` = `p`.`ProblemId`)))
  LEFT JOIN `acceptedcounts` `accepted`
    ON ((`p`.`ProblemId` = `accepted`.`accepted_problem_id`)))
  LEFT JOIN `seencounts` `seen`
    ON ((`p`.`ProblemId` = `seen`.`seen_problem_id`)))
ORDER BY `po`.`RowNumber`;

--
-- Create table `parameter`
--
CREATE TABLE parameter (
  ParameterId char(36) NOT NULL,
  ProblemId char(36) NOT NULL,
  ParameterName varchar(255) DEFAULT NULL,
  ParameterOrder int DEFAULT NULL,
  DataType int DEFAULT NULL COMMENT 'Enum DataType',
  PRIMARY KEY (ParameterId)
)
ENGINE = INNODB,
AVG_ROW_LENGTH = 204,
CHARACTER SET utf8mb4,
COLLATE utf8mb4_0900_ai_ci;

--
-- Create index `UK_parameter_ParameterId` on table `parameter`
--
ALTER TABLE parameter
ADD UNIQUE INDEX UK_parameter_ParameterId (ParameterId);

--
-- Create index `IDX_parameter_ProblemId` on table `parameter`
--
ALTER TABLE parameter
ADD INDEX IDX_parameter_ProblemId (ProblemId);

--
-- Create foreign key
--
ALTER TABLE parameter
ADD CONSTRAINT FK_parameter_ProblemId FOREIGN KEY (ProblemId)
REFERENCES problem (ProblemId) ON DELETE CASCADE;

--
-- Create table `contest`
--
CREATE TABLE contest (
  ContestId char(36) NOT NULL DEFAULT (UUID()),
  ContestName varchar(255) NOT NULL,
  ContestCode varchar(20) NOT NULL,
  Alias varchar(255) DEFAULT NULL,
  Password varchar(255) DEFAULT NULL,
  StartTime datetime DEFAULT NULL,
  EndTime datetime DEFAULT NULL,
  TimeToDo int DEFAULT NULL,
  CreatedBy varchar(255) DEFAULT NULL,
  CreatedTime datetime DEFAULT NULL,
  ModifiedBy varchar(255) DEFAULT NULL,
  ModifiedTime datetime DEFAULT NULL,
  IsPublic tinyint(1) DEFAULT 0,
  AccountId char(36) DEFAULT NULL,
  PRIMARY KEY (ContestId)
)
ENGINE = INNODB,
AVG_ROW_LENGTH = 546,
CHARACTER SET utf8mb4,
COLLATE utf8mb4_0900_ai_ci;

--
-- Create index `UK_contest_ContestId` on table `contest`
--
ALTER TABLE contest
ADD UNIQUE INDEX UK_contest_ContestId (ContestId);

--
-- Create index `UK_contest_ContestCode` on table `contest`
--
ALTER TABLE contest
ADD UNIQUE INDEX UK_contest_ContestCode (ContestCode);

--
-- Create index `UK_contest_Alias` on table `contest`
--
ALTER TABLE contest
ADD UNIQUE INDEX UK_contest_Alias (Alias);

--
-- Create index `IDX_contest_AccountId` on table `contest`
--
ALTER TABLE contest
ADD INDEX IDX_contest_AccountId (AccountId);

--
-- Create index `IDX_contest_ContestName` on table `contest`
--
ALTER TABLE contest
ADD INDEX IDX_contest_ContestName (ContestName);

--
-- Create foreign key
--
ALTER TABLE contest
ADD CONSTRAINT FK_contest_AccountId FOREIGN KEY (AccountId)
REFERENCES account (AccountId) ON DELETE CASCADE;

--
-- Create view `view_contest`
--
CREATE
DEFINER = 'root'@'localhost'
VIEW view_contest
AS
SELECT
  ROW_NUMBER() OVER (
  ORDER BY `c`.`CreatedTime` DESC, `c`.`ContestCode`) AS `RowNumber`,
  `c`.`ContestId` AS `ContestId`,
  `c`.`ContestName` AS `ContestName`,
  `c`.`ContestCode` AS `ContestCode`,
  `c`.`Alias` AS `Alias`,
  `c`.`Password` AS `Password`,
  (CASE WHEN ((`c`.`Password` IS NULL) OR
      (`c`.`Password` = '')) THEN FALSE ELSE TRUE END) AS `HasPassword`,
  (CASE WHEN (UTC_TIMESTAMP() < `c`.`StartTime`) THEN 1 WHEN (UTC_TIMESTAMP() >= `c`.`EndTime`) THEN 3 ELSE 2 END) AS `State`,
  `c`.`StartTime` AS `StartTime`,
  `c`.`EndTime` AS `EndTime`,
  `c`.`TimeToDo` AS `TimeToDo`,
  `c`.`CreatedBy` AS `CreatedBy`,
  `c`.`CreatedTime` AS `CreatedTime`,
  `c`.`ModifiedBy` AS `ModifiedBy`,
  `c`.`ModifiedTime` AS `ModifiedTime`,
  `c`.`IsPublic` AS `IsPublic`,
  `c`.`AccountId` AS `AccountId`,
  `a`.`FullName` AS `AccountFullName`
FROM (`contest` `c`
  LEFT JOIN `account` `a`
    ON ((`c`.`AccountId` = `a`.`AccountId`)));

--
-- Create table `contest_problem`
--
CREATE TABLE contest_problem (
  ContestProblemId char(36) NOT NULL DEFAULT (UUID()),
  ContestId char(36) NOT NULL,
  ProblemId char(36) NOT NULL,
  Score int DEFAULT NULL,
  `Order` int DEFAULT NULL,
  PRIMARY KEY (ContestProblemId)
)
ENGINE = INNODB,
AVG_ROW_LENGTH = 1489,
CHARACTER SET utf8mb4,
COLLATE utf8mb4_0900_ai_ci;

--
-- Create index `UK_contest_problem_ContestProblemId` on table `contest_problem`
--
ALTER TABLE contest_problem
ADD UNIQUE INDEX UK_contest_problem_ContestProblemId (ContestProblemId);

--
-- Create index `IDX_contest_problem_ContestId` on table `contest_problem`
--
ALTER TABLE contest_problem
ADD INDEX IDX_contest_problem_ContestId (ContestId);

--
-- Create index `IDX_contest_problem_ProblemId` on table `contest_problem`
--
ALTER TABLE contest_problem
ADD INDEX IDX_contest_problem_ProblemId (ProblemId);

--
-- Create foreign key
--
ALTER TABLE contest_problem
ADD CONSTRAINT FK_contest_problem_ContestId FOREIGN KEY (ContestId)
REFERENCES contest (ContestId) ON DELETE CASCADE;

--
-- Create foreign key
--
ALTER TABLE contest_problem
ADD CONSTRAINT FK_contest_problem_ProblemId FOREIGN KEY (ProblemId)
REFERENCES problem (ProblemId) ON DELETE CASCADE;

--
-- Create view `view_contest_problem_list`
--
CREATE
DEFINER = 'root'@'localhost'
VIEW view_contest_problem_list
AS
SELECT
  `cp`.`ContestProblemId` AS `ContestProblemId`,
  `cp`.`ContestId` AS `ContestId`,
  `cp`.`ProblemId` AS `ProblemId`,
  `p`.`ProblemName` AS `ProblemName`,
  `cp`.`Score` AS `Score`,
  `cp`.`Order` AS `Order`
FROM (`contest_problem` `cp`
  LEFT JOIN `problem` `p`
    ON ((`cp`.`ProblemId` = `p`.`ProblemId`)));

--
-- Create table `contest_problem_account`
--
CREATE TABLE contest_problem_account (
  ContestProblemAccountId char(36) NOT NULL DEFAULT (UUID()),
  AccountId char(36) NOT NULL,
  ContestProblemId char(36) NOT NULL,
  State int DEFAULT NULL COMMENT '3: Sai,  4 Đúng',
  PRIMARY KEY (ContestProblemAccountId)
)
ENGINE = INNODB,
AVG_ROW_LENGTH = 4096,
CHARACTER SET utf8mb4,
COLLATE utf8mb4_0900_ai_ci;

--
-- Create index `UK_account_contest_problem_AccountContestProblemId` on table `contest_problem_account`
--
ALTER TABLE contest_problem_account
ADD UNIQUE INDEX UK_account_contest_problem_AccountContestProblemId (ContestProblemAccountId);

--
-- Create foreign key
--
ALTER TABLE contest_problem_account
ADD CONSTRAINT FK_account_contest_problem_AccountId FOREIGN KEY (AccountId)
REFERENCES account (AccountId) ON DELETE CASCADE;

--
-- Create foreign key
--
ALTER TABLE contest_problem_account
ADD CONSTRAINT FK_account_contest_problem_ContestProblemId FOREIGN KEY (ContestProblemId)
REFERENCES contest_problem (ContestProblemId);

--
-- Create view `view_contest_problem_account`
--
CREATE
DEFINER = 'root'@'localhost'
VIEW view_contest_problem_account
AS
SELECT
  `cpa`.`ContestProblemAccountId` AS `ContestProblemAccountId`,
  `cpa`.`AccountId` AS `AccountId`,
  `cpa`.`ContestProblemId` AS `ContestProblemId`,
  `cpa`.`State` AS `State`
FROM `contest_problem_account` `cpa`;

--
-- Create table `contest_account`
--
CREATE TABLE contest_account (
  ContestAccountId char(36) NOT NULL DEFAULT (UUID()),
  ContestId char(36) NOT NULL,
  AccountId char(36) NOT NULL,
  State int DEFAULT NULL,
  UsedTime int DEFAULT NULL,
  StartTime datetime DEFAULT NULL,
  PRIMARY KEY (ContestAccountId)
)
ENGINE = INNODB,
AVG_ROW_LENGTH = 546,
CHARACTER SET utf8mb4,
COLLATE utf8mb4_0900_ai_ci;

--
-- Create index `UK_ContestAccount_ContestAccountId` on table `contest_account`
--
ALTER TABLE contest_account
ADD UNIQUE INDEX UK_ContestAccount_ContestAccountId (ContestAccountId);

--
-- Create index `IDX_ContestAccount_ContestId` on table `contest_account`
--
ALTER TABLE contest_account
ADD INDEX IDX_ContestAccount_ContestId (ContestId);

--
-- Create index `IDX_ContestAccount_AccountId` on table `contest_account`
--
ALTER TABLE contest_account
ADD INDEX IDX_ContestAccount_AccountId (AccountId);

--
-- Create foreign key
--
ALTER TABLE contest_account
ADD CONSTRAINT FK_ContestAccount_AccountId FOREIGN KEY (AccountId)
REFERENCES account (AccountId) ON DELETE CASCADE;

--
-- Create foreign key
--
ALTER TABLE contest_account
ADD CONSTRAINT FK_ContestAccount_ContestId FOREIGN KEY (ContestId)
REFERENCES contest (ContestId) ON DELETE CASCADE;

DELIMITER $$

--
-- Create procedure `proc_Contest_Filter`
--
CREATE PROCEDURE proc_Contest_Filter (IN p_QuerySearch varchar(10000), IN p_QuerySort varchar(10000), IN p_QueryFilter varchar(10000), IN p_AccountId char(36))
SQL SECURITY INVOKER
COMMENT 'Lọc, tìm kiếm, sắp xếp contest theo AccountId - nlnhat (17/08/2023)'
BEGIN

  DROP TEMPORARY TABLE IF EXISTS tmp_data;
  IF (p_AccountId IS NOT NULL
    AND p_AccountId <> '00000000-0000-0000-0000-000000000000') THEN
    CREATE TEMPORARY TABLE tmp_data
    SELECT
      ca.State AS ContestAccountState,
      vcl.*
    FROM view_contest_list vcl
      LEFT JOIN contest_account ca
        ON vcl.ContestId = ca.ContestId
        AND ca.AccountId = p_AccountId;
  ELSE
    CREATE TEMPORARY TABLE tmp_data
    SELECT
      0 AS ContestAccountState,
      vcl.*
    FROM view_contest_list vcl;
  END IF;

  SET @query = CONCAT(
  'SELECT * FROM tmp_data
     WHERE 1=1 ', ' ', p_QuerySearch, ' ', p_QueryFilter, ' ', p_QuerySort, ';');

  PREPARE proc FROM @query;
  EXECUTE proc;
  DEALLOCATE PREPARE proc;
  DROP TEMPORARY TABLE IF EXISTS tmp_data;

END
$$

DELIMITER ;

--
-- Create view `view_contest_list`
--
CREATE
DEFINER = 'root'@'localhost'
VIEW view_contest_list
AS
WITH `joincounts`
AS
(SELECT
      `c`.`ContestId` AS `join_contest_id`,
      COUNT(`c`.`ContestId`) AS `join_count`
    FROM (`contest` `c`
      JOIN `contest_account` `ca`
        ON ((`c`.`ContestId` = `ca`.`ContestId`)))
    GROUP BY `c`.`ContestId`), `contestorder`
AS
(SELECT
      `c`.`ContestId` AS `ContestId`,
      DENSE_RANK() OVER (
      ORDER BY `c`.`CreatedTime` DESC, `c`.`StartTime`, `c`.`EndTime`, `c`.`ContestCode`) AS `RowNumber`
    FROM `contest` `c`)
SELECT
  `c`.`ContestId` AS `ContestId`,
  `c`.`ContestName` AS `ContestName`,
  `c`.`ContestCode` AS `ContestCode`,
  `c`.`Alias` AS `Alias`,
  `c`.`Password` AS `Password`,
  ((`c`.`Password` IS NOT NULL) AND (NOT ((`c`.`Password` LIKE '')))) AS `HasPassword`,
  (CASE WHEN (UTC_TIMESTAMP() < `c`.`StartTime`) THEN 1 WHEN (UTC_TIMESTAMP() >= `c`.`EndTime`) THEN 3 ELSE 2 END) AS `State`,
  `c`.`StartTime` AS `StartTime`,
  `c`.`EndTime` AS `EndTime`,
  `c`.`TimeToDo` AS `TimeToDo`,
  `c`.`CreatedBy` AS `CreatedBy`,
  `c`.`CreatedTime` AS `CreatedTime`,
  `c`.`ModifiedBy` AS `ModifiedBy`,
  `c`.`ModifiedTime` AS `ModifiedTime`,
  `c`.`IsPublic` AS `IsPublic`,
  `c`.`AccountId` AS `AccountId`,
  COALESCE(`join`.`join_count`, 0) AS `JoinCount`
FROM ((`contestorder` `co`
  join `contest` `c`
    ON ((`co`.`ContestId` = `c`.`ContestId`)))
  LEFT join `joincounts` `join`
    ON ((`c`.`ContestId` = `join`.`join_contest_id`)));

--
-- Create view `view_contest_account_list`
--
CREATE
DEFINER = 'root'@'localhost'
VIEW view_contest_account_list
AS
SELECT
  ROW_NUMBER() OVER (
  ORDER BY SUM(`cp`.`Score`) DESC, `a`.`FullName`) AS `RowNumber`,
  `ca`.`ContestAccountId` AS `ContestAccountId`,
  `ca`.`ContestId` AS `ContestId`,
  `ca`.`AccountId` AS `AccountId`,
  `a`.`FullName` AS `FullName`,
  `ca`.`State` AS `State`,
  `ca`.`UsedTime` AS `UsedTime`,
  `ca`.`StartTime` AS `StartTime`,
  COALESCE(SUM((CASE WHEN (`cpa`.`State` = 4) THEN `cp`.`Score` ELSE 0 END)), 0) AS `TotalScore`
FROM (((`contest_account` `ca`
  LEFT JOIN `contest_problem` `cp`
    ON ((`ca`.`ContestId` = `cp`.`ContestId`)))
  LEFT JOIN `contest_problem_account` `cpa`
    ON (((`cp`.`ContestProblemId` = `cpa`.`ContestProblemId`)
    AND (`ca`.`AccountId` = `cpa`.`AccountId`))))
  LEFT JOIN `account` `a`
    ON ((`a`.`AccountId` = `ca`.`AccountId`)))
GROUP BY `ca`.`ContestAccountId`,
         `ca`.`ContestId`,
         `ca`.`AccountId`,
         `a`.`FullName`,
         `ca`.`State`,
         `ca`.`UsedTime`,
         `ca`.`StartTime`
ORDER BY `TotalScore` DESC, `a`.`FullName`;

--
-- Create view `view_contest_account`
--
CREATE
DEFINER = 'root'@'localhost'
VIEW view_contest_account
AS
SELECT
  `ca`.`ContestAccountId` AS `ContestAccountId`,
  `ca`.`ContestId` AS `ContestId`,
  `ca`.`AccountId` AS `AccountId`,
  `a`.`FullName` AS `FullName`,
  (CASE WHEN ((`ca`.`State` = 2) AND
      (TIMESTAMPDIFF(MINUTE, `ca`.`StartTime`, UTC_TIMESTAMP()) > `c`.`TimeToDo`)) THEN 3 ELSE `ca`.`State` END) AS `State`,
  `ca`.`UsedTime` AS `UsedTime`,
  `ca`.`StartTime` AS `StartTime`
FROM ((`contest_account` `ca`
  LEFT JOIN `contest` `c`
    ON ((`ca`.`ContestId` = `c`.`ContestId`)))
  LEFT JOIN `account` `a`
    ON ((`c`.`AccountId` = `a`.`AccountId`)));

DELIMITER $$

--
-- Create procedure `proc_Contest_Get`
--
CREATE PROCEDURE proc_Contest_Get (IN p_ContestId char(36), IN p_AccountId char(36))
SQL SECURITY INVOKER
BEGIN
  SELECT
    c.ContestId AS Id,
    c.*,
    ca.State AS ContestAccountState,
    ca.ContestAccountId,
    ca.FullName
  FROM view_contest c
    LEFT JOIN view_contest_account ca
      ON c.ContestId = ca.ContestId
      AND ca.AccountId = p_AccountId
  WHERE c.ContestId = p_ContestId;

  SELECT
    cpa.State AS ContestProblemAccountState,
    cpa.ContestProblemAccountId,
    cp.*
  FROM view_contest_problem_list cp
    LEFT JOIN contest_problem_account cpa
      ON cpa.ContestProblemId = cp.ContestProblemId
      AND cpa.AccountId = p_AccountId
  WHERE cp.ContestId = p_ContestId
  ORDER BY cp.Order;

  SELECT
    ca.ContestAccountId AS Id,
    ca.*
  FROM view_contest_account ca
  WHERE ca.ContestId = p_ContestId
  AND ca.AccountId = p_AccountId;
END
$$

DELIMITER ;

--
-- Create table `language`
--
CREATE TABLE language (
  LanguageId char(36) NOT NULL DEFAULT (UUID()),
  LanguageName varchar(255) NOT NULL,
  JudgeId int NOT NULL,
  PRIMARY KEY (LanguageId)
)
ENGINE = INNODB,
AVG_ROW_LENGTH = 2340,
CHARACTER SET utf8mb4,
COLLATE utf8mb4_0900_ai_ci;

--
-- Create index `UK_language_LanguageName` on table `language`
--
ALTER TABLE language
ADD UNIQUE INDEX UK_language_LanguageName (LanguageName);

--
-- Create index `UK_language_Id` on table `language`
--
ALTER TABLE language
ADD UNIQUE INDEX UK_language_Id (JudgeId);

--
-- Create index `UK_language_LanguageId` on table `language`
--
ALTER TABLE language
ADD UNIQUE INDEX UK_language_LanguageId (LanguageId);

--
-- Create view `view_problem`
--
CREATE
DEFINER = 'root'@'localhost'
VIEW view_problem
AS
SELECT
  ROW_NUMBER() OVER (
  ORDER BY `p`.`CreatedTime` DESC, `p`.`ProblemCode`) AS `RowNumber`,
  `p`.`ProblemId` AS `ProblemId`,
  `p`.`ProblemCode` AS `ProblemCode`,
  `p`.`ProblemName` AS `ProblemName`,
  `p`.`Alias` AS `Alias`,
  `p`.`Difficulty` AS `Difficulty`,
  `p`.`Content` AS `Content`,
  `p`.`Hint` AS `Hint`,
  `p`.`Solution` AS `Solution`,
  `p`.`SolutionLanguageId` AS `SolutionLanguageId`,
  `p`.`LimitTime` AS `LimitTime`,
  `p`.`LimitMemory` AS `LimitMemory`,
  `p`.`AccountId` AS `AccountId`,
  `p`.`State` AS `State`,
  `p`.`CreatedBy` AS `CreatedBy`,
  `p`.`CreatedTime` AS `CreatedTime`,
  `p`.`ModifiedBy` AS `ModifiedBy`,
  `p`.`ModifiedTime` AS `ModifiedTime`,
  `p`.`Topic` AS `Topic`,
  `p`.`OutputType` AS `OutputType`,
  `p`.`IsDraft` AS `IsDraft`,
  `l`.`LanguageName` AS `LanguageName`,
  `l`.`JudgeId` AS `JudgeId`
FROM (`problem` `p`
  LEFT JOIN `language` `l`
    ON ((`p`.`SolutionLanguageId` = `l`.`LanguageId`)));

DELIMITER $$

--
-- Create procedure `proc_Problem_Get`
--
CREATE PROCEDURE proc_Problem_Get (IN p_ProblemId char(36), IN p_AccountId char(36))
SQL SECURITY INVOKER
BEGIN
  SELECT
    p.ProblemId AS Id,
    p.*,
    pa.State AS ProblemAccountState,
    pa.ProblemAccountId
  FROM view_problem p
    LEFT JOIN problem_account pa
      ON p.ProblemId = pa.ProblemId
      AND pa.AccountId = p_AccountId
  WHERE p.ProblemId = p_ProblemId;

  SELECT
    *
  FROM parameter pa
  WHERE pa.ProblemId = p_ProblemId
  ORDER BY pa.ParameterOrder;
  SELECT
    *
  FROM testcase t
  WHERE t.ProblemId = p_ProblemId
  ORDER BY t.TestcaseOrder;
END
$$

DELIMITER ;

--
-- Create view `view_language`
--
CREATE
DEFINER = 'root'@'localhost'
VIEW view_language
AS
SELECT
  ROW_NUMBER() OVER (
  ORDER BY `l`.`LanguageName`, `l`.`JudgeId`) AS `RowNumber`,
  `l`.`LanguageId` AS `LanguageId`,
  `l`.`LanguageName` AS `LanguageName`,
  `l`.`JudgeId` AS `JudgeId`
FROM `language` `l`;

--
-- Create table `submission`
--
CREATE TABLE submission (
  SubmissionId char(36) NOT NULL DEFAULT 'uuid',
  ContestProblemAccountId char(36) DEFAULT NULL,
  ProblemAccountId char(36) DEFAULT NULL,
  SourceCode text DEFAULT NULL,
  LanguageId char(36) DEFAULT NULL,
  RunTime decimal(10, 6) DEFAULT NULL,
  Memory decimal(10, 6) DEFAULT NULL,
  StatusId int DEFAULT NULL,
  PassedCount int DEFAULT NULL,
  FailedCount int DEFAULT NULL,
  CreatedTime datetime DEFAULT NULL,
  StatusName varchar(255) DEFAULT NULL,
  Parameters varchar(1000) DEFAULT NULL,
  Testcases varchar(1000) DEFAULT NULL,
  PRIMARY KEY (SubmissionId)
)
ENGINE = INNODB,
AVG_ROW_LENGTH = 712,
CHARACTER SET utf8mb4,
COLLATE utf8mb4_0900_ai_ci;

--
-- Create index `UK_submission_SubmissionId` on table `submission`
--
ALTER TABLE submission
ADD UNIQUE INDEX UK_submission_SubmissionId (SubmissionId);

--
-- Create index `IDX_submission_LanguageId` on table `submission`
--
ALTER TABLE submission
ADD INDEX IDX_submission_LanguageId (LanguageId);

--
-- Create index `IDX_submission_ParentId` on table `submission`
--
ALTER TABLE submission
ADD INDEX IDX_submission_ParentId (ProblemAccountId);

--
-- Create foreign key
--
ALTER TABLE submission
ADD CONSTRAINT FK_submission_ContestProblemAccountId FOREIGN KEY (ContestProblemAccountId)
REFERENCES contest_problem_account (ContestProblemAccountId) ON DELETE CASCADE;

--
-- Create foreign key
--
ALTER TABLE submission
ADD CONSTRAINT FK_submission_LanguageId FOREIGN KEY (LanguageId)
REFERENCES language (LanguageId);

--
-- Create foreign key
--
ALTER TABLE submission
ADD CONSTRAINT FK_submission_ProblemAccountId FOREIGN KEY (ProblemAccountId)
REFERENCES problem_account (ProblemAccountId) ON DELETE CASCADE;

--
-- Create view `view_submission_list`
--
CREATE
DEFINER = 'root'@'localhost'
VIEW view_submission_list
AS
SELECT
  ROW_NUMBER() OVER (
  ORDER BY `s`.`CreatedTime` DESC) AS `RowNumber`,
  `s`.`SubmissionId` AS `SubmissionId`,
  `s`.`ProblemAccountId` AS `ProblemAccountId`,
  `s`.`ContestProblemAccountId` AS `ContestProblemAccountId`,
  `cp`.`ContestProblemId` AS `ContestProblemId`,
  `cp`.`ContestId` AS `ContestId`,
  COALESCE(`a_cpa`.`FullName`, `a`.`FullName`) AS `FullName`,
  `s`.`SourceCode` AS `SourceCode`,
  `s`.`StatusId` AS `StatusId`,
  `s`.`StatusName` AS `StatusName`,
  `s`.`RunTime` AS `RunTime`,
  `s`.`Memory` AS `Memory`,
  `s`.`PassedCount` AS `PassedCount`,
  `s`.`FailedCount` AS `FailedCount`,
  `s`.`Parameters` AS `Parameters`,
  `s`.`Testcases` AS `Testcases`,
  `s`.`CreatedTime` AS `CreatedTime`,
  `l`.`LanguageId` AS `LanguageId`,
  `l`.`LanguageName` AS `LanguageName`,
  `l`.`JudgeId` AS `JudgeId`
FROM (((((((`submission` `s`
  LEFT JOIN `language` `l`
    ON ((`s`.`LanguageId` = `l`.`LanguageId`)))
  LEFT JOIN `contest_problem_account` `cpa`
    ON ((`s`.`ContestProblemAccountId` = `cpa`.`ContestProblemAccountId`)))
  LEFT JOIN `account` `a_cpa`
    ON ((`cpa`.`AccountId` = `a_cpa`.`AccountId`)))
  LEFT JOIN `problem_account` `pa`
    ON ((`s`.`ProblemAccountId` = `pa`.`ProblemAccountId`)))
  LEFT JOIN `account` `a`
    ON ((`pa`.`AccountId` = `a`.`AccountId`)))
  LEFT JOIN `contest_problem` `cp`
    ON ((`cpa`.`ContestProblemId` = `cp`.`ContestProblemId`)))
  LEFT JOIN (SELECT
      `s`.`SubmissionId` AS `SubmissionId`,
      COALESCE(`pa`.`AccountId`, `cpa`.`AccountId`) AS `AccountId`
    FROM ((`submission` `s`
      LEFT JOIN `problem_account` `pa`
        ON ((`s`.`ProblemAccountId` = `pa`.`ProblemAccountId`)))
      LEFT JOIN `contest_problem_account` `cpa`
        ON ((`s`.`ContestProblemAccountId` = `cpa`.`ContestProblemAccountId`)))) `sa`
    ON ((`s`.`SubmissionId` = `sa`.`SubmissionId`)));

DELIMITER $$

--
-- Create procedure `proc_Submission_Filter`
--
CREATE PROCEDURE proc_Submission_Filter (IN p_QuerySearch varchar(10000), IN p_QuerySort varchar(10000), IN p_QueryFilter varchar(10000))
SQL SECURITY INVOKER
COMMENT 'Lọc, tìm kiếm, sắp xếp submission theo parentId - nlnhat (17/08/2023)'
BEGIN

  DROP TEMPORARY TABLE IF EXISTS tmp_data;
  CREATE TEMPORARY TABLE tmp_data
  SELECT
    *
  FROM view_submission_list vsl;

  SET @query = CONCAT(
  'SELECT * FROM tmp_data
     WHERE 1=1 ', ' ', p_QuerySearch, ' ', p_QueryFilter, ' ', p_QuerySort, ';');

  PREPARE proc FROM @query;
  EXECUTE proc;
  DEALLOCATE PREPARE proc;
  DROP TEMPORARY TABLE IF EXISTS tmp_data;

END
$$

--
-- Create procedure `proc_Role_GetByCode`
--
CREATE PROCEDURE proc_Role_GetByCode (IN p_RoleCode varchar(255))
SQL SECURITY INVOKER
BEGIN
  SELECT
    *
  FROM role r
  WHERE r.RoleCode LIKE p_RoleCode;
END
$$

--
-- Create procedure `proc_Role_GetAll`
--
CREATE PROCEDURE proc_Role_GetAll ()
SQL SECURITY INVOKER
BEGIN
  SELECT
    *
  FROM role r
  ORDER BY r.SortOrder;
END
$$

--
-- Create procedure `proc_ContestAccount_Filter`
--
CREATE PROCEDURE proc_ContestAccount_Filter (IN p_QuerySearch varchar(10000), IN p_QuerySort varchar(10000), IN p_QueryFilter varchar(10000), p_AccountId char(36))
SQL SECURITY INVOKER
COMMENT 'Lọc, tìm kiếm, sắp xếp ContestAccount theo ContestId - nlnhat (17/08/2023)'
BEGIN
  CREATE TEMPORARY TABLE tmp_data
  SELECT
    vcal.ContestAccountId AS Id,
    vcal.*
  FROM view_contest_account_list vcal;

  SET @query = CONCAT(
  'SELECT * FROM tmp_data
     WHERE 1=1 ', ' ', p_QuerySearch, ' ', p_QueryFilter, ' ', p_QuerySort, ';');

  PREPARE proc FROM @query;
  EXECUTE proc;
  DEALLOCATE PREPARE proc;
  DROP TEMPORARY TABLE IF EXISTS tmp_data;

END
$$

DELIMITER ;

-- 
-- Dumping data for table account
--
INSERT INTO account VALUES
('1152da18-24d8-65b6-0380-e8e2a817c80e', 'nlnhat1', '$2a$10$G5bySMW2xitNWNIuQHA9z.HnLowJIfcvChLy4D0Fe4M.Kb2vhmcU6', 'nlnhat28@gmail.com', '0957846957', 'Nguyễn Long Nhật', 3, x'FFD8FFE000104A46494600010101009600960000FFDB0043000503040404030504040405050506070C08070707070F0B0B090C110F1212110F111113161C1713141A1511111821181A1D1D1F1F1F13172224221E241C1E1F1EFFDB0043010505050706070E08080E1E1411141E1E1E1E1E1E1E1E1E1E1E1E1E1E1E1E1E1E1E1E1E1E1E1E1E1E1E1E1E1E1E1E1E1E1E1E1E1E1E1E1E1E1E1E1E1E1E1E1E1EFFC000110800B800B803011100021101031101FFC4001D000100010501010100000000000000000000050304060708010209FFC40046100001030301040606060705090000000001000203040511061221314107135161718108142291A1B11532425392C1162324335272D1344362B2E135548293A3C2D2F0F1FFC4001B01010002030101000000000000000000000003040102050607FFC4003511000202010106020903040301000000000001020311040512213141513271061322618191A1B1F014D1E1154252C12333F162FFDA000C03010002110311003F00D5AAD9DB0802008020080202B0AAA96800544C00DC007958DD5D81E1A89DC72E9A427BDC563723D8DB79A3CEBA6FBE7FE229B91EC37E5DC75D37DF3FF114DC8F61BF2EE04F3FDF49F88A6E47B0DF9771EB13FDF49F88A6E47B19DF9771EB13FDF49F88A6E47B0DF9771EB13FDF49F88A6E47B0DF9773EFD72AF1FDAA7FF9853757630517B9CF7173DC5CE3BC92724AD8D4F100401004010040100401004010040100401004010040100401004010040100401004010040100401004010040100407848032E200ED586D2E66D18B93C245375440DE32B3C8E546EFAD752C47477CB941FC8F9F5CA6FBD1EE2B5FD555DCDFF00A7EA7FC0FA15101E1333CCE16CAFADF534968EF8F383F9151AE0E19690477152269F22BCA2E2F0D1EAC9A84010040100401004010040100401004010040539E78E16ED3DDE00712A3B6D8D6B2CB3A7D2D9A89620BE3D08E9EBE57EE60D81F15CDB3593978781DEA364D50E33F6996AE739C72E7171ED3BD55949C9E5F13A518460B11583C5836080203D6B9CD396B883DC56536B91ACA1192C49651730D74CC3871EB077F1F7AB35EB2C8F3E273EFD974D9E1E0C90A7A98E71EC9C3BF84F15D1AAF8DBC8E16A7456E9DFB5CBBA2B298A610040100401004010040100401004050AB9C411E700B8FD50A0BEE55473D4BBA2D23D4CF1C97564448F748F2F7BB24AE3CE6E6F323D5D7542A8EEC17047CAD4DC2008020080200800241041C11C0844DA79461A52587C51294357D6FEAE43EDF23DABA9A6D4EFFB32E679CDA1B3FD4FFC95F87EDFC178AE9C8080200802008020080200802004F6F0432B8F2212AA6334CE79E1C0782E1DD6BB26E47B1D269D5152875EA56A0B6D7D71C52524B28FE20DC37DE7728926C9A76C21E264F51E89B84801A9A88200790CBC8F90F8ADB7195A5AD82E4B24A53E87A0681D7D5D4487FC3868F9159DC442F5B37C9178CD216468C186579ED329FC9677511BD5DA56FD15B0FF00B87FD693FF0024DD46BFAAB7BFD8A4FD236470DD048CF094FE69BA8D96AEDEE59D4688B7BB7C3555319FF161C3E4163711BC75B3EA88CABD115CC04D355413639381613F31F158DC64D1D6C5F891075F66BA5002EA9A295AD1C5E06D37DE372C34D732C42E84F932C0120820E08DE0AC26D3CA24694961F264D51CDD7C01C71B5C1DE2BB745BEB2193C86B74DFA7B5C7A74F22B298A810040100401004010040101EB29A5AC70A584B4492FB20B8E00515F9F56F059D2B4AE8B919359F49DBA88364A96FADCC39BC7B00F737FAAE3A8A3BB66AE73E5C119035AD6B435AD0D681B8018C2D8AC7A86A101E39CD60CB9C1A3BCE10CA47CF5D172919F890CE19F686A100401011374D3D6AB80264A611487FBC8BD93E7C8F9858714CB15EA2C872662B5D619ACD29775ED9A090E1A718208ED0ADE8729B455DA7746D845E30CB75D138C100401004010040100401017D61FF006C537F3A8AEFFAD9351FF62339739AC6973DC1AD037927002E49D5202E9AB6D5484B2173AAE41CA3FAB9FE6E1EECAD5C916ABD24E5CF818E576B3BA4C48A76C34CDE581B4EF79DDF05AEF3E85B868E0B9F121EA6ED73A827AEAFA8703CBAC207B86E58CB278D508F289644971CB8924F32B049E4101560A9A880E619E5888FE0791F2430E29F3449526A5BD5311B35AF91A394A03F3E677FC5677990CB4D5CBA13941AE1D90DAEA204737C27F23FD56DBFDCAF3D17F8BF9992DB2F76CB8E0535530BCFF76EF65DEE3C7C96C9A6549D138734482C90901ACFFB2D3FF39F92B9A3F132A6B3C28C595F39E10040100401004010040101F115CD94156C998D12C919C86E7767BCAA7A9D44545C171675345A0B2C929BE0BEFE4595DEF370BA3C9AA9CF579DD137730797F55CB6DB3D1D74C2BE488F5824080200802008020080778404E5A3545CE80863E4F5A847D894EF03B9DC42CA93457B34B09F2E0C97BC5FA86ED470361DA8E56BF2E8DE37F0E4781FFDDCAF68E6B799C4DA1A5B2114F194462E91C7080200802008020080F1C43417138038E561B49659B462E4F11E246D656B9F96444B5BCCF32B997EADCB843823D168B65C6BF6EDE2FB76FDCB2548EB8407AC6B9EE0C634B9C77000649586D2E609AB7E91D515E01A5B0DC1ED3C1CE80B5A7CCE02AB66BF4D5F8AC4472BAB8F364F517453ACAA00325153D283F7B50DFF00B4954E7B73471E4F3E49913D5D4BA92D4FD0B5F9C3F68BADB63FE42F77CDA15597A4542F0C1FD3F7646F5D0E8892A1E822E557208E2BEC25F8CBB14C70DF3DA5BD1B6DEA27BB5D5F522B36942B59922EEA7D1D3523599A7BF5A64760E4482460CF88695D8572EA565B72AEB17F421ABBA05D7D4F9EA62B6D663EE6AB19FC61AB3EB624D1DB3A67CF2BE1FF00A62B71E8F35ADBE47C753A7AAF69870E116CCBFE42556FEA5A5527173C35DF87DCBD0D55535952E64156DAEE7424FAEDB6B29B1C7AE81CCF9856617D5678249F96192A945F2792CD4A6C101774D5D24786C9EDB7E215BA7572870971472F55B2EBB7DA8707F424A29592B76A37642E9C2C8D8B313CF5D44E996ECD60FB5B9084010040101F323D91B0BDE70D1C495ACA4A2B2CDE1094E4A31596C88AEACEB4E36B6231C0678F8AE4EA2F95AF0B91E9749A5AF491DE9BF68B27544638127C028141934F68531E4F24DF47D4149A87595BECD5CE9A2A6A973C3DD111B7B98E70C6411C40553685B3D369A76C38B5DF9742B7F53729623137FDAFA34D1B4001FA2854BC7DBA991CFCF96767E0BC65BB635767F7E3CB87F26B2D55B2EA64D416EB7D0376282869695B8C62189AC1F00B9F3B6CB1FB6DB21949CB9BC97D3B7AB223E6065DE2A4D457EA9AAFAAE7E6FF006FB91572DE5BC7B0C0E9237C9BC35809CF7ADA8D24ED84ACE897E2359DAA2D47AB3EE869BD61E4B8E18DE38E6A7D9BA1FD54DB97857334D45DEAA3C39B324B246C8DCF6B1A1A36792F5B5535D31DD82C239364DCDE65C494529A040416A7A1DB67AEC63DA6EE931CC722B83B6747BCBD7C79AE7E5DCBFA2BB0F71FC0C7179A3A44757586C75F9F5DB3DBEA09E7253B1C7DE4654F0D55F5F826D79366EAC9C79339B3A5EA7A5B5748571B7DB69A3A5A684441B1B3864C4D713EF2BDE6C79CAED1C2763CB79FBB46B2D6DD09613314154FE6D07C174BD5A258ED3B178964AD0D6F56EDA6ED34F72CC77A0F3166F3D6D174776C81356DAC1571BB93998CAEA516BB171E670F515C212F61E532ED4E57080200808BD44646D3C65A486ED7B58EDC6EFCD54D5A7BA8B1A79B8CB316409C9E2A8F2266DB7C4F10C998743B6EADB874856C75106814920A99DCE3B9B1348DAF339007790A96D18A9696C8F75F530A4A2D33A9D7CD0BA605D3D6A7A8D2DD1CD65550D43E9EBEA9EDA5A695870E639D92E703C410D6BB0791C2EC6C1D22D4EB22A5C9717F0FE7052DA173AA86D73651E903599E8F3A39B7BEA6592B6F3253329E9C543CBDD2CAD60DA92424ED103893C4923B72A4D1685ED4D6CDF28E5B6FDD9E5FB18BF50B4942EFC91CDB4FD26EBE86EBEBFF00A5D78936A612BE07553BA977B592DEAF3B21A78600030BDF7F4FD3AA7D4C63858C7CCF3DFA9B5CF7DBCB360EB9E9EB54506A7151A4AE148EB3BE96190534F4EC7ECC8E602F0E7001C0827648DAC6EEF5CDD91B29514385ABDACBFD97D8B5ACD639D9BD0E584649A63A7EE94EE16696EB6FE8D1973A588384D55494F5062046F3C338C73DE70AE4B49545E1CBEC42AF9B59DD309BE7A4B74A57773C50D65B2CB19DD8A4A30E38F1976F7F78C7929E3A2A973E246F5137EE312AEE94FA4BAD2E33EBCBFB4BB8F5156E8471CEED8C63C94AB4F52FED2376CDF52D19D21F482D7B5DFA79AA5FB241D97DDA6734F7105D823B8A4F4D54E2E328AC3F71956CD3CA6761682D4116A9D1F6DBEC41AD35508748C1C1920F65EDF27023C17CAB5DA57A4D44A97D3EDD3E87ADD3DAAEAD4FB938AA129CE5E901A7AAEDDAB9D7C74AD9E92E67D8700731BD8D6B4B0F96083CF3DCBE8BB1FD9D1C23EEFBF1294A6A5368D6ABA66420321D3F4EE8A99D2BB7194820770E1F32BA1A6838C72FA956D965E09256488200802029D442C9E174520CB5C16B38292C3364DA79318ADA5929662C906EFB2EE4E5CCB2B707865A8C94916EA337362740573A6A1D652D2D4C8D8CD75318627138064DA6B837CF0478E3B5417C73122B5368E9261DA602798CAF99DF5FABB250ECDA3A117BD14CD07E98551236974CD2877EAE492A6470ED2D1101FE72BD67A2314E56CBB63EB9FD8E36D96F105E7FE8C37D26AF325DF5ADBC35DFB2C76C86485A0E47EB32F2EF305A3C82EA7A37A754E9A5DF79A7F0E055DA766FDABB611AA97A139A5D5A2D75F7CBB5359AD54D254D755C8238A260C927B4F6003249E432792D652515BCCCA4E4F08FD0CE8AB4F43A53485B34EC05AE6D0D23627BDA301EFE2F763BDC5C7CD706C9EFC9CBB9D38C772291C53E905A12AB41749571A634CE65A6E32BEAADB281861638E4C63BD84ECE3B003CC2EC69AD5641775CCE7DB0DD91AFD5823080E96F446BA3E7D2F78B43DD914754C99B9E4256918F7C64F9AF09E9652A37D76FF926BE5FFA77F644F35CA3DBFD9BB490012792F2B18B93515D4EBB784691F48FB9D38A3B5D9839AEABEB5F552B4718D8406B73FCD971C770ED0BE99A4AF72385C970397565B7234BAB658252D16E33113CCDC443803F6BFD15AA28DEF6A5C882CB31C113DDC15F2B9EA0080200802029D44115444639581C0FC3C16B2829AC3364DAE44057DB26A7CBE3CC91768E23C42A16E9E50E2B8A2C46C4CB004821CD2410720855C94E9AE83F534FA8B47EC57543A7AFA290C32BDE7DA734EF638F964679ECAF05B7F4DEA755BCB94B8FC797F3F12C52FD9C123D23F46966E9228E9E9EE35555475543B6EA4A88083B1B7B3B41CD3B9C0ECB7B0EEE237E6DFA37A974CEC4BAE3E9FF00A51DA54AB231CFBCD73AC3D1DF50DD3E8D149A9EDD34945431D1BA4A881F1F58D617063B00BB670C2C6E327EAE73BF77A6D2EAA34CA6B1C1BCAF8F3FAE5FC4E5DB439A8BCF258F97F05B59FD176B5D335D79D5F0B2207DA652519739DDC1CE70C7B8AB32D7AFED444B4BDD9BA7A37E8CF4968180FD0742E75648DD996BAA5DD64F20ECDAC00D1C373400A9DB7CEDE658855187233FB4FEF1FE0A137650D5FA62C3AB6CD259F515B20B851C873B120DED772735C37B5DDE082B684E50798BC1A4A2A4B0CE7FD51E89D6E9667CBA6356545146725B4F5D4E2603B83DA5A40F1055E86BDFF722BCB4DD998D47E8A1AB4D416CBAAAC8C8793DB14A5DF870076F3527EBE3D8D7F4CFB9B3BA32E8962E8B696ADA6F925DAAAE7D5998FAB88991F57B580D1927FBC3924F21B82F23E936A3D73AF86319FF00476365D5EAD4BE1FECBCE932FF00269AD175F74A791ACAA6B4474E5C33FAC71001C1DC71BDDBFB171F64D1EBF5708F45C7E474ACF0B395AB6AABAE97096AEAE69AAEAE776D3E4792E738F795F488C73C114F8451276EB486112D561CEE4CE43C7B55DAB4D8E3322959D112AAD901EA0080200802008020080B1ACB6535412E03AB79E6D1C7C4282CD3C67E6491B1A320E88EEB51A4B57B1D5043ADD5A04150E077337FB2F23B8F1EE2579EDB9B2A7A8D3BDD5971E2BF6FCEA5AAAE5BC74DDB640CAA6EFDCEF6578BD8D66E6A777BA6BF3E449AB8E6BE04C2F5C72020080BDB4FEF1FE08192486020080C5B554A1F706460E7AB66FF00127FF8BCB6DC9E6E8C5744753431C41B340F4FF70373AFA3B04536CC14A7AFA8D9DE4C8461A3C9A49FF8977FD16D98DD6F533E19E0BC973FCF719D45D87BA8D794B4D05337662601DA799F35ED615C60B814A5272E6565B9A84010040100401004010040100406E2E8B7549BA5ACD8EAAA3ABB8411914F23B8C8D0377896FC46FED5F3EDBDB31E8B50B594AF61BCB5D9FECFEFC0E85162B23B92E6675A1F5852DFBADB754ECD2DE2909654D338F12371733B5B9F77BB3D99D5882B21C632E29F9F7F79CE9C775E0CA5424652AB8E4969DF1C33182470C3640D0764F81594F89B45A4F2D64C523B46B7754BE2A7AF7169393236A4B47CF23C029D4ABC1D057E9F19DDFA19FD8696BE9281B15CABCD6CFC4BF64003B8733E27E0A1934DF0285B28CA598AC120B52323AF976A6B5D317CAE06470F6231C5DFE8AB6A7555E9A3BD37FC92D34CAD78461B5B58F2C754CFFBC7EFC77F62F19A8BE5A8B5D92EA76ABAD422A28E6BBF99CDF6B8554C669C54482490FDA707104AFB0685C1E9AB75AC2DD4F1D934726CCEFBCF32C95A340802008020080200802008020080202A52D44F4B531D4D3CAE8A58DC1CC7B4E0B48E61696570B60E13594F9994DA7944FDF2EE2EA61BFC12FA9DE21D96D4F56763AC237365611C0F0047811BB38E5E874B2D137A6E75BF0BEDFF00CBF7755F27EF96C929ADEEBD4DA1D14EBFBA5DA0A8A7BD46C9C53060152C1B2F7673F58703C388C79AE5EDAB69D9F2870F167E18C18AF4EED4F77A1B2A9AB696A230F8A6690786771F8A829B637414E1C53219C2507BB2252D24758F39DDB2A42365D54D75253B4BA6A88DB81BC6727DC37AC4A4A31727C90516DE118CDDB58B4031DB6124FDEC837790FEAB83A9DB497B34AF8BFCFCEC742AD03E737F0318124B5756EAAAC95D260ED3DCE39CF60FF45C0B6D9DB2DE9BCB3A318A82C45608ED47778A8A867B8546E8A16FB2DE64F21E24E14FA2D24F577C698737F4EFF2427255C5B6686A995F515124F21CBE4797BBC49C95F62AEB55C1423C9612F81C56F2F2535B9A8401004010040100401004010040100401019F743D503D6EBE8B8C92358F601C4E0907FCC178CF4BE894A155915D5AF9E31F62F68E493699BDA2B6C7F47C30BBD9918C00B876F13F15AE92AF534C60FA7E3295B66FCDCBB8A4B354CB296B248B70CE493FD158DEE246D9356FB2C14E0BA63D6C8411C300656249496198DE7935DDC29A4A3AD9696518746E2DF11C8AF07754E9B1C1F43D0573538A92289712D0CCEE1BF0A2C1B98B749B4D2D469591D164F532B64781CDBBC1F9E7C97A2F462E857AF4A5FDC9A5E7CFFD60ADAA8B75F0E86A45F4D392100401004010040100401004010040101467A98A0FAE72EFE11C5436DF0AF9F32DE9B456EA3C2B87BF91632DC2577D40183DE5509EB66FC3C0ED53B22A8F8DE7E88EAFE8F348DBB4ED8281AEA281D736C20D454BA31D617B865C36B19001DD8EE5CCB6E9DBE2679CBE6A56370585D3C8CA942405EDA7F7CFFE5FCD63A997C89259352C2F16AA4BA514F4F3B035F246E63666B47591923739A7B471515945563F6E29F992D574EB69C59C95FA79A9F4F5EAAED7747437134750FA79448CD87658E2D3870EF1CC155EFD87A6B5661ECBF772FAFF0007B054576C14E3C32675A6B5AD8B50B052978A7A9906C9A69F1EDE7880783BC38F72E06AB666A746F7D714BAAFCE1F9C4AB6E9E505C7918F6A8D075114CFA9B2812C277F504E1EDEE04F11F1F15EA765FA535CE2ABD5F07DFA7C7B3FA791C8B748D3CC0C2EAA9AA29653154C124320FB3230B4FB8AF5B55D5DD1DEAE49AEE9E4A6E2E2F0CA4A43508020080200802008020080203C782E616B5C5A48E2392C4965613C1BC24A32526B38E84254C4F8A52D7E49E39EDEF5C3BAB9427891EC34B742EAD4A1C3DDDBDC5351960ED27DF2D74D6CA5AEB95CA8E8995113646BA799B183900EEDA3DEA9E1E4F0BEA672938C1671F12B5B2ED6ABA34BAD973A2AE6B789A79DB201F849469A313AA75F8D35F0C1336923AF70E7B3F9AD7A913E45CDC6E1416DA735371ADA6A3806E324F2B636FBC901671933184A6F1159F22D6D5A86C17694C56ABE5B2BE41BCB29AAD929F734959699BCE8B6B599C5AF34CE29D7950DABD717FAA6E3666B9D44831D86571FCD5B8AE07B6D32DDA60BDC88FB4D0D55CEE50505130BEA267ECB00F893DC06493DCA3BAD8D50739F24492928ACB3A1F4E50555B2D10D1D65C25AF99837CB2019F01CF03BF27F2F9FEAAE85D6B9C23BABF3F381C8B24A52CA582EABA8E96BA0305653C73C67ECBDB9F7762D68D45BA79EFD52717EE2294549624B26BCD65A2BD4617DC2D3B4F81836A4849C960ED0798F8AF73B17D24FD44951A9E127C9F7F73F7FE70285FA5DD5BD0E460EBD79442008020080200802008020080CE3A6BD311587476932D8C3276472455271BDCF76CBF7F812F0BCF4EDF5B6C99DCD896719C7C8D4E877CAB535351552092A67926786868748E2E20018037F2037610C462A2B08FAB7D6D5DBEB23ACA0A9969AA223964B13CB5CD3DC42C3593138466B1259474568DE98611D1CDC2F97464725DEDCC101887B22A2479FD5BBB81C38BB1FC2EC720A175F1C743CD5FB2DAD4C610F0BE3FB9A0F546A2BCEA6BA3EE57BAE96AE7713B3B47D98C7F0B5BC1A3B829924B91E8A9A21447760B046C12CB04CC9A095F14AC21CC7B1C439A79104702B248D27C19F2F7BDEF749239CE7B8E5CE27249ED28652C1B73D162D10DC75C57D4D4461F1D35B9E1B9C6E73DCD6E7F0EDFBD41A88A9C1C25C99C8DB36B852947ABFB1B2EB207D2D5CD4CFFAD13CB4F915F3CB6B75CDC1F4E0410929C535D4A2B4362DDD574DEBFF0047B9E3AF745D68611F59B9C1532D3D9EA7D7A5ECA78F89AEF2CEEBE6692BFD3C7497BAEA6880EAE29DEC681C8071C05F5DD9F6CAED2D764B9B49BF3C1C6B128CDA4592B646100401004010040100404BE8AA2170D5F69A37B76992D5C61E0F36ED02EF802A1D44B72A94BDCC3E46DAF49BA574DA0A96A1ADCFABDC18E71EC6963DBF32D5E6EAE674F62CB17B5DD1CDCAC9EA02008064ECECE4E339C20C7508020080E82F43FA476351D790760FABC2C3C891D6177CDBEF505BD0F3FB765E08F999E6B78443A865701812B5AFF863F25E2F6B57BBA96FBF120D14B352F710114D1CA6411BC3BAB7EC3B1C9D8CE3E2173E75CA18DE58CF1F816934CD79A9EFF0536BE82A9876E3A089D1BB67ED3B65D91EF202F73B2F654EDD912ADF07634D7B96571FF673EDB92B93EC60F5334953512D44A7324AF2F71ED24E4AF615D71AA0A11E4B87C8A6DB6F2CA6B7350802008020080200802032EE872312F493686BB93A4779889E7F25535CF1A797C3EE83E46FFD6B648F51E96B8D96521BEB5096B1C7ECBC6F63BC9C015E762F0F26FA6B9D36C6C5D3F19C6F594F35255CD4953198E6824747230F16B9A7047910AE1EDE32524A4BA9490C84010040100407667421A5DDA53A3DA1A39D9B15953FB5D5023043DE061A7BDAD0D1E20AAB39659E3368EA3D7DF292E4B82316E9E3509B4DEA86869CB22A9A9A604D449F52166D3BDAC71278EEF9AACF63AD65BEBE7C63158DD5CDBED9E9E7F6E6634F7B841C51AAEBB56328AD7F45584CD825C65AC9BF79239DF59C07227B4AB946C195F7FEA7598E988AE492E49F976E5F62596A1463BB0F99881249C9DE57A8E455086A10040101FFD9', '2003-08-28', 3, 1, NULL, '2010-01-01 23:59:59', NULL, NULL, '$2a$10$G5bySMW2xitNWNIuQHA9z.'),
('1bf8a43c-47fb-4d6c-1863-eeb1d8ed8cef', 'nlnhat', '$2a$10$G5bySMW2xitNWNIuQHA9z.HnLowJIfcvChLy4D0Fe4M.Kb2vhmcU6', 'nlnhat28@gmail.com', '0859384839', 'Nguyễn Long Nhật', 1, x'FFD8FFE000104A46494600010101009600960000FFDB0043000503040404030504040405050506070C08070707070F0B0B090C110F1212110F111113161C1713141A1511111821181A1D1D1F1F1F13172224221E241C1E1F1EFFDB0043010505050706070E08080E1E1411141E1E1E1E1E1E1E1E1E1E1E1E1E1E1E1E1E1E1E1E1E1E1E1E1E1E1E1E1E1E1E1E1E1E1E1E1E1E1E1E1E1E1E1E1E1E1E1E1E1EFFC000110800B800B803011100021101031101FFC4001C0001000105010100000000000000000000000503040607080201FFC40045100001030301050308050A04070000000001000203040511060712213151416181081322327191A1C1142342B1D11533373852747592B3C32482A2B23653627273F0F1FFC4001A010100020301000000000000000000000000040501020306FFC400351101000201020402060A020301000000000001020304111221314105511322333471C106143235618191B1D1F052722382A1E1FFDA000C03010002110311003F00825ABDE88080808080808080808080808080808080808080808080808080808083E39C1A0924008D2F7AD238AD3B442DA4AB6838634BBBF922A7378CE3AF2C71BFFE3C8AC39F49831DC511EBE356DFD6AF254FA545B9BDC73D11367C5B0707177F25B3EA6571E0EDD1DC8A7CBE27A8C93CA768FC1EA2A991A7D23BC3A146FA7F15CD8A7D7F5A3FBDD73154C721C6774F428B8D3789E1CF3C3BED3F8FF2AC8B110101010101010101010101010107991ED63779C7011CB367A61A4DEF3C91F3CCE95D93C07604794D66B6FA9B6F3CA23A429A213D471BE476EC6C73DC7B1A32526623AB3B6EBC8ECD78906F4769AF78EADA779F92D272E3FF00286FE8AF3DA551FA7EFCC6EF3EC97268EA695E3E49E969FE50C7A3BF92C6782681DBB3C3244EE8F6907E2B78989E8D66263AA9A30BBA5A818DC91DEC251E83C3BC46B15E0CB6FCFE5BAEF20F228BC89DF9C08C88080808080808080808083CBDC18D2E2700234C992B8EB36B7288474F2BA57E4F2EC1D11E4357ABBEA6FC53D3B42434FD8AE17BA93151C5E834FD64AEE0C67B4FCB9AE597357146F671C78AD927686C6B2685B3D0B5AFAB69AE9B1C4C9C180F7347CF2AB726B325BA724FC7A5A57AF364D4D4F05347E6E9A08A167ECC6C0D1EE0A35AD333BCA444447456586532B768F13C30CF198E78A395879B5ED0E07C0A44CC746B31BB15BF6CFB4F5C9AE7C14E6DF39E4FA7E0DF1672C7B30A453557AF5E6E37D3D2DD393566ACD2B74D393FF8A679DA679C475118F45DDC7A1EE3DF8CAB0C59EB93947542C98AD8E79A1A09DD11C672DE8BB25E8FC42FA79DA79D7CBF85FB1C1ED0E69C828F538B2D72D22F59E4F48E820202020202020202020B2AE972EF36390E7ED479CF16D5CDADE86BD23AFC573A66CF35EEEB1D1C47759EB4AFC70637B4FC973CD9631578A5538B1CE4B6D0DD36BA0A6B751C5454710644C18000E24F53D495497BCDED3695BD6B148DA3A25A0B7C8F00C877074ED5A9365DB28299BCDA5FED28D78A553E8B4E06042DF7231C529E3494C47E659EE4DDA6EA525BA99DC9AE67B0FE2B3BB3BACAA2DB2B017447CE0E9DAB3BB68B232B6960ACA69292AE16CB0C80B5EC70E042DA2D359DE098898DA5A1F5DE9C974DDE7CCB72FA49B2FA77B8731DAD3DE3F0EAADF066F4B5DFBABAF59C3789845C1BAD0248FD43EB37F64AECBED24D71D632E2FB13D63CA7F8F9735CA2E0404040404040404040411521CC8E279E4A3C3E799B65B4CF9CB6CECCAD228AC0CAA733FC4567A64F6EE7D91F3F1551ACC9C57DBB427E971F0D37F36C2A1A410B77DE3321F828AEB6B6EBA46820209F46040416571A313B4BD83120FF0052CC4B312C0F68D66179D2F531B59BD514E0CD09C71DE68E23C4647B70A469F2705E3C9AE6A71D3668AA27EEC9B8793B82B8967C2B3F065F476E965F0E411E9E2368D9F5191010101010101010104752C2EA9AC8A9D9EB4D2358DF6938F9AC5A768997859F5EDCBBCBA22C54B1B371AC6E228181AC1D31C02F3F33333332B79E51B42651CC4040413E8C080808216EF0F9BA8DF03849C7C7B56D0DA1CCDA9E8BF26EA3AFA26B775B0D43833B9B9CB7E185798ADC5489565E382FCBB3D46EDE635DD42DDED30E4F4B8E2F1DE1E91D440404040404040414E776E42E776E3824236B32FA2C16B7E0ADA2A2136ABB734F1C4C1DFCBC7E4B8EA276C52F238237C90E83B53036903BF6893F2548B3B755DA34107A41E504FA30202020B1BC303A937BB5AE598661CE9B5B8445AE2A9C00FAD8E37FFA40F92B8D24EF8E103511B64941511CC03B890A44BD27855F8B4D11E5BABA2C840404040404040414268DD3380277580E7BCA42BB53A5C9AABC56D3B523F5948ECE803ACE83201FCE7F4DCA3EAFD94BCDE9B9E58661B4DDAFDAF43C51DAE8E9C5CAEFB9BCE8B7B763841E3E99EBDC141C1A59C9EB4F2849CDA88A4ED1D5A82B76FDAF6799CE89F6DA78CF26329F38F1272A646931476449D4DE5419B78DA0B4922AE8B9638D303F7959FAAE29EC7D62FE693B3F943EB1A6947E51A3B656C7DA0446370F715ADB478A7A726635378EADD5B3CD735BADECEFB859D96B262706CD04B23D924471C010011C7B0E544CB871E298DE65231E5BDE378884CEBFD7575D0F61377BFD3DA228CBC471451CF23A499C7B1A3778F7938098F0E3C93B44CB17C96A46F30D157DF297D67552116AB7DAE8230781746E91C477E4E14A8D1E38EA8F3A8B76433FCA13692FC6F5750E474A503EE2B7FAAE28ECC7A7BF9AAD279456D1E091AE7CF6D9E3078B1F4BCC7B41CAC4E971CF666351786E2D966DCED9AD8FE43BBD20B5DDE468F35BAECC339079349E20F71513369669EB579A462CF169DA58E6DA3FE3067EE8CFBDCA5E8FD9B8EA7EDB16A0FCC9FF00B94A95FF00837B09F8FF000B945B08080808080808083E1E88C4C7295CE852FA5D59472C91B86E890E08C70DC705C3511C58A623FBCDE334B5FF00937F2899687BF5C26BADEAB2E550F2F96A66748E71EF257488888D91A666666657366D35A8EF4D0EB3E9FBB5C413806928E4973FCA0AD9AA4E4D9CED0A361924D07AA58C6F12E75A27007FA13618FDC282BADD3FD1EE145534730E71CF1398EF711941B73C95689F71D4D75A574B33293E8AD7CED8E42DDFC3B00123B324FB946D4DF829BC7548D3D78ADB4A5FCB06DCEB4DC6C1454D2D49B73A29A48E392573DB1BF2D0402727901F158D2DF8EB333D4CF5E1988868AA1A3ABAE9C53D152CF5331E2238632F71F01C54A4764316CE76852C6248B426A87B0F2736D13907C7713611F78D2BAA2CCC2FBBE9BBC5B9A399AAA192203F99A3A8411D6FAB9A82BA0ACA67964D048D918E071820E42C4C726D13B4BA336995125CAFF493B63717C96F85E434678B8177CD71D34456B31F8CBBE79DED1F04151B4B61C3860E4E41521E8FC22BB69F7F39957459880808080808080832ED9E5142EFA55C65635EF848645919DD2799FBBE2A06B724C6D4840D6E49AC456196B98CAD7363A88DAFC64B1C5BC5871CC283169A73856F564DB21D8EECF34ED8A86E54D6282E1719A16C925557813BD8F238B5A08DD660E47000F5255F5769889851CC6D330DACD6B5AD0D680D681800720B2D5F50595E2D76CBBD13E8EEF6FA3AFA570F4A1AA85B230FB438109B0D4DA734A694B05DEEB5FA56D315BA96BDEDC363738B5ED6E7D30093BA0924803863078648551ACCB17B70C7485869F1F0D779EE94D7DA434EEAAFC9736A3B6FE51A4B6D4999D0EF386F30B4B5DEA9C9C65AEC0E7BB8C715AE932C52FB4F4933D38EBC9B034F5A2C967B7329EC16DA0A0A3734398CA38591B1C31C0FA2307DAAE63657A4907C3823078829D46B7DA76C87673AAAD9575775B1C343531C4E90D75BD8219DB804927030F3CFD6052620629E6CD9E3821A78D91CDF478D92CBBA0B9FBAD0D0327B063EF5457B714CF92E694888635B46A582AACD05E046C655327F332B9A31E71A41209EF18F8952F4779DE6AB3D0E49E29A76600AC1662020202020202020C93425CE1A4AA968AA5E19154E375E7935E338CFB738F7287ABC536AC5A3B21EAF14DEB131D99D42E34F361EDE6AB679AABA339D0B7F65BC3EDF5CF0CA42E2F8E671E1113CC1E8D278E7B093D785868F511B705BF257EAB0CC4F1C3600C119079AB04153ABA9A7A4A77D4554F1C30B3D67BDC001E2830BBFDE64BC35D494EC7C36E3C242F05AFA8EEC736B3A83C5DC8E0643ABF53AC8FB34FD5330E9FBD9618E1C9562627D1879B755CD6771632374D6F712E313065F092724B47DA6F33BBCC766783558E9B57B7AB744CD837F5AAC928AAE96B69C4F493C73444E3798ECE08E60F423A1E2158C7344E8ACB2C30DD5F788EB80B6D19DFA60E0F9E61EAC841C8634F68C8049E5C3778FA5885AACF1589A57ACA5E9F0CCCF14F46077595D5B5829E18CB8C64B463B4F6F82AE58C72617B45B9C2D821B153CAD91D14865A9734F00FC6037C073F053B498A637B4ACF458663D79F830A5396020202020202020202C09FB2EAAAFA08DB04EC6D640DE0D6C87D268E81DFF00D51B2E9697E71CA5172E9697E71CA5B534DD4B2A9B154C7EACD08701CF98070AAAD59ADA6255396BC33B4A7200F8006D3D45540C1C991543D8C1FE5040F82EB5D4E5AC6D16449C38E7B3CBA20F95B2CCF9A7919EA3E795D2167B0B89C782D6F9AF9395A5B571D2BF661ED726C209F460416F25242E98CE03E298801D24323A27B80EC2E69048EE5D299AF8FECCECD2D8EB6EB0494B1CA0B6796AA761187472D4C8F63BDAD73883E216F3A9CB31B4D988C348EC8ABDBD914EE24863238C67A0038AE51CDDEB1D36699BEEB9AFAD6490DBE065BA27FACE8CE6477F9B863C3DEAD31E92B5E76E6B8C5A2A539DB9CB133C4E49E254A4D164101010101010101010106C8D96DD9AFA61432BFEB29DC7773DB19FC093F0555ADC5C36E28EEABD762DA78A3BB64286AC1010104FA30202020D6BB56BDB28AD13C51BFEBEB498A300F1DCFB47DDC3C54BD2E3E2BEF3D93B478A6F7DE7A434D2B65D0808080808080808080808082E6D75B3DBABA2ACA6762461CE0F270ED07B8AD32522F5E19697A45EBB4B76691BED2DEEDCD9217E246F07B09E2D3D152E5C56C56DA5459F0DB15B694EAE6E0F280827D181010426ADBE51D92D924F552860C6387AC4F41D49FC574C78ED9276875C58AD92DB55CFBA92F1517BBA495B3FA20FA31B33C18D1C87E3DF95738B1C63AED0BEC38A31578611ABA3A880808080808080808080808082EAD571ACB65636AA8A6745237A7223A11D1697C7178DA61A5F1D6F5DAD0DA3A636816EAE6B20B996D15472DE71FAB778F678FBD5665D25E9CEBCE1559B457A73AF386691BD92303E37B5ED70C8734E410A220EDB3EA309F461E5EE6B5A5CF21AD1CC938010611ABB68F67B4B1F05048DAFABE5888FA0D3DEEE5F7A958B497BF39E499874592FCEDCA1A6F50DEEE37DAD3557098BCFD860E0D60E802B3C78AB8E3685BE2C34C51B551ABA3A8808080808080808080808080808080833ED92D3574E2E124155344C89AD0C6EF1DC2E2493C39721F155FAE98E4ADF1098DA23665F25CEE94AEDC9DADDEFFAD9CFDCA06D0ADDA1771EA1BDD63FCD52C6CDF3FF002E2C9F8E56768386218C6D8E96EF4D66B6D455D74D209257B276079DC04805A30381E4E5334535DE53FC3E6B36B4776AD562B57D590404040404040404040404040404041EE08A59E66430C6F9247B8358C63497389E4001CCA6F1D5899888DE52DA4EC136A1D4CFD3D04EC86BA3648E918E6925859CDA7BFB31D47150E75D8F8E695E72D35193D062F4D31CBF96E1D2B6482C1696D0C2F323B78BE5908C6FB8F338F003C157E6CB396DC52A3CF9A735F8A52C40230467DAB938275A0346000077046119AAAC94DA86C93DAEA9C58D93059201931BC710E03FF786574C59271DB8A1D70E59C57E28683D77A6DFA4AFD4D66ABAD865A8A9A6654458696821CF7B00E3C01F449E271C42B0FAF63ADA2B6E4BED2E59D4E39C958E513B7CFE685AAA7A8A5A87D355412C1346775F1C8C2D734F420F10A6C4C4BA56D168DEB3BC29A3220202020202020202020202020AD6FA4A9AFAD868A8E174F513BC47146DE6E71E4162676E72D6D6AD2B36B728874D6CC767B6ED2344CA89A3654DE246FD75411911E79B19D07613CCFC043BE49B4BCB6B75D7D45B68E55FEF569CD8BFEB1776FF00CD5DFEF2A9F4FEF13F9BD1789FDDB5FF00AFECDDFAA6DBE626FA642DFAA90FA607D977E054ACD4DBD6879BC19378E1941AE2EC9F4617969A5F3F36FB87D5B39F79E8BAE2A714EF2E39AFC31B340F951FE962CDFC3A0FEBCAA36B3DAC7F7CDE9BC03DCEFF0019FDA1BB368BA0ED7ABEDEEF38C6D3DCA36FD455B5BC4746BBAB7BBB3B15BD2F35979AD26B2FA7B79C797F7BB986F36DACB45D2A2D97081D0D553BCB2461EBD475046083DA0E54C8B6F1BC3D563C95CB58BD677895A2D9B8808080808080808080808083777938697679B9F55D5C40B89305164721F6DE3FDBE0E51735B9ED0A2F16D4F4C359F8B752E0A272E6C8BF592AAFDF2BFF00B8AAF4FEF13F9BDA7897DD91F0AFC9D3F51132785F0CADDE63C60856931131CDE362769DE182DD28E4A1AC740FC91CD8EFDA1D541BD786764FA5E2F1BA5E089D34AD8D838958AD66676626D111BB23A785B042D8D9C8769EDEF53AB58AC6C856B4DA7773379543DB16D4ED123CE1ADB642E3EC13CCAB35BED63E1F37AFFA3F1BE92D1F8CFED0E9D568F1AD45E519A5DB55688B5452C4054521115491F6A271C34FB5AE38F63BB977C36DA78575E13A99ADFD15BA4F4F8B42294F402020202020202020202020FAD05C4068249E400E683B0F495A9963D336EB4B001F45A76B1C40E6EC65C7C5D93E2A04CEF3BBC5E7CB39725AF3DE528B57172E6C8BF592AAFDF2BFFB8AAB07BC7EAF69E25F75C7C2BF2751AB578B47DF6DC2BE908680266718CFCBC569929C50EB8B2704BD5A690C11F9C7B4891DD9D02D715386379672E4E29DA17CBAB8B973CADBF48F6FFE111FF5A6555AEF691F0FE5ED3E8EFBB5BFDA7F68751AB578B5A5E2821BA5A6AEDB500986AA17C2FEB870C1FBD66276E6E98EF38EF168ECE37ACA79692B26A49DBBB34323A391BD1CD383F10A7C4EFCDED2B3168898EEA4B2D84040404040404040404137A028FE9DADEC94BBA1CD7D7445E0F6B438177C015A5E76ACB86AADC186D3F84BAF54178C1072E6C8BF592AAFDF2BFF00B8AAB07BC7EAF69E25F75C7C2BF2751AB578B10101072E795B7E91EDFF00C223FEB4CAAB5DED23E1FCBDA7D1DF76B7FB4FED0EA356AF1620E50DADD1B2876917B818301D51E7BC646879F8B8A9B8A77AC3D7E86FC5A7A4FE1FFC62CBA2588080808080808080808331D8B303F69F6507979C90FBA279F92E597EC4A1788FBB5BFBDDD4EA1BC9083973645FAC9557EF95FF00DC55583DE3F57B4F12FBAE3E15F93A8D5ABC58808083973CADBF48F6FF00E111FF005A6555AEF691F0FE5ED3E8EFBB5BFDA7F68751AB578B107326DEE1645B4DAF7B492658A17BB3D87CDB5BC3F94299867D57A9F0A9DF4D5604BAAC44040404041FFFD9', NULL, 1, 1, NULL, '2015-10-02 16:21:49', NULL, '2022-10-05 14:08:42', '$2a$10$G5bySMW2xitNWNIuQHA9z.');

-- 
-- Dumping data for table contest
--
INSERT INTO contest VALUES
('30059f2e-27a7-4ec7-8ff7-c2d364b199e7', 'Thi giữa kỳ 2', 'iJ3Eyn', NULL, NULL, '2024-01-30 02:33:23', NULL, 15, '1bf8a43c-47fb-4d6c-1863-eeb1d8ed8cef', '2024-01-28 02:34:28', NULL, NULL, 0, '1bf8a43c-47fb-4d6c-1863-eeb1d8ed8cef'),
('c6e0ee2e-b205-4753-925c-08782ec52710', 'Thi giữa kỳ', 'DATN', NULL, '123', '2024-01-30 02:47:10', '2024-01-31 02:51:10', 20, '1bf8a43c-47fb-4d6c-1863-eeb1d8ed8cef', '2024-01-30 02:50:12', NULL, NULL, 1, '1bf8a43c-47fb-4d6c-1863-eeb1d8ed8cef'),
('dfc8d9e3-ff96-44bd-9f31-73ba898d1c84', 'Thi cuối kỳ 2', 'lRaKQq', NULL, '123456', '2024-01-28 02:48:01', '2024-01-30 16:38:01', 540, '1bf8a43c-47fb-4d6c-1863-eeb1d8ed8cef', '2024-01-25 18:02:05', '1bf8a43c-47fb-4d6c-1863-eeb1d8ed8cef', '2024-01-29 16:52:46', 1, '1bf8a43c-47fb-4d6c-1863-eeb1d8ed8cef'),
('e714546a-57b9-445c-bb78-e57bf1d8d4d8', 'Luyện tập', 'M0oHRi', NULL, NULL, '2024-01-27 02:36:20', '2024-01-28 04:18:44', 60, '1bf8a43c-47fb-4d6c-1863-eeb1d8ed8cef', '2024-01-28 02:36:49', '1bf8a43c-47fb-4d6c-1863-eeb1d8ed8cef', '2024-01-28 04:19:50', 0, '1bf8a43c-47fb-4d6c-1863-eeb1d8ed8cef');

-- 
-- Dumping data for table problem
--
INSERT INTO problem VALUES
('061a8d21-e112-4ed0-8aff-6ee753d04d87', 1, 'Tích 2 số', NULL, 1, NULL, NULL, 'class Solution {\n    public int solve(int num1, int num2) {\n        return num1 * num2;\n    }\n}', '5984fdaa-1e0e-68c7-3e2b-e89ea5388e0b', 1.000000, 10000.0000, '1bf8a43c-47fb-4d6c-1863-eeb1d8ed8cef', 1, '1bf8a43c-47fb-4d6c-1863-eeb1d8ed8cef', '2024-01-21 09:07:47', NULL, NULL, NULL, 5, 0),
('25caf127-790c-4337-8859-82a6107fa2f2', 4, 'Tổng 2 số', NULL, 1, NULL, NULL, 'class Solution {\n    public int solve(int int1, int int2) {\n        return int1 + int2;\n    }\n}', '5984fdaa-1e0e-68c7-3e2b-e89ea5388e0b', NULL, NULL, '1bf8a43c-47fb-4d6c-1863-eeb1d8ed8cef', 3, '1bf8a43c-47fb-4d6c-1863-eeb1d8ed8cef', '2024-01-21 09:23:52', '1bf8a43c-47fb-4d6c-1863-eeb1d8ed8cef', '2024-01-21 13:13:55', NULL, 5, 0),
('2bffbb45-5d0f-4ea8-8376-6fcf25345407', 1, 'Tổng 3 số', NULL, 1, '<p>Tính tổng 3 số tự nhiên\t</p>', '<p>Không\t</p>', 'class Solution {\n    public int solve(int int1, int int2, int int3) {\n        return int1 + int2 + int3;\n    }\n}', '5984fdaa-1e0e-68c7-3e2b-e89ea5388e0b', NULL, NULL, '1152da18-24d8-65b6-0380-e8e2a817c80e', 3, '1152da18-24d8-65b6-0380-e8e2a817c80e', '2024-01-31 14:25:38', NULL, NULL, 'Toán', 5, 0),
('34efaf79-91bc-476e-8a99-eda53b00d187', 3, 'Hiệu 2 số', NULL, 1, '<p>Hiệu 2 số</p>', '<p>F</p>', 'class Solution {\n    public int solve(int num1, int num2) {\n        return num1 - num2;\n    }\n}', '5984fdaa-1e0e-68c7-3e2b-e89ea5388e0b', 10.000000, 10000.0000, '1bf8a43c-47fb-4d6c-1863-eeb1d8ed8cef', 3, '1bf8a43c-47fb-4d6c-1863-eeb1d8ed8cef', '2024-01-21 09:19:38', '1bf8a43c-47fb-4d6c-1863-eeb1d8ed8cef', '2024-01-30 01:24:05', 'Toán  học', 5, 0),
('3a0d98a2-7b00-4be0-ab55-869bfa56c0f5', 8, 'Tổng 2 số', NULL, 1, '<p>Cho 2 số nguyên và tính tổng</p>', NULL, 'class Solution {\n    public int solve(int num1, int num2) {\n        return num1 + num2;\n    }\n}', '5984fdaa-1e0e-68c7-3e2b-e89ea5388e0b', 10.000000, 10000.0000, '1bf8a43c-47fb-4d6c-1863-eeb1d8ed8cef', 1, '1bf8a43c-47fb-4d6c-1863-eeb1d8ed8cef', '2024-01-30 02:25:44', '1bf8a43c-47fb-4d6c-1863-eeb1d8ed8cef', '2024-01-30 02:43:39', 'Toán', 5, 0),
('4b4d0be2-7002-4e98-b966-5a84b0bb0462', 1, 'Tổng 2 số nguyên', NULL, 1, '<p>Toán cấp 2</p>', '<p>Không</p>', 'class Solution {\n    public int solve(int num1, int num2) {\n        return num1 + num2;\n    }\n}', '5984fdaa-1e0e-68c7-3e2b-e89ea5388e0b', 10.000000, 12000.0000, '1bf8a43c-47fb-4d6c-1863-eeb1d8ed8cef', 3, '1bf8a43c-47fb-4d6c-1863-eeb1d8ed8cef', '2024-01-21 08:36:18', NULL, NULL, 'Toán', 5, 1),
('b12fb54a-7656-4367-a99d-7a8d4bbcd358', 2, 'Tích 2 số nguyên', NULL, 1, NULL, NULL, 'class Solution {\n    public int solve(int num1, int num2) {\n        return num1 * num2;\n    }\n}', '5984fdaa-1e0e-68c7-3e2b-e89ea5388e0b', 10.000000, 10000.0000, '1bf8a43c-47fb-4d6c-1863-eeb1d8ed8cef', 3, '1bf8a43c-47fb-4d6c-1863-eeb1d8ed8cef', '2024-01-21 09:12:13', '1bf8a43c-47fb-4d6c-1863-eeb1d8ed8cef', '2024-01-21 13:12:53', NULL, 5, 0),
('d524f97a-de73-405f-ae2f-9f070bb26648', 7, 'Tổng 2 số', NULL, 1, NULL, NULL, 'class Solution {\n    public int solve(int n, int h) {\n        return n + h;\n    }\n}', '5984fdaa-1e0e-68c7-3e2b-e89ea5388e0b', NULL, NULL, '1bf8a43c-47fb-4d6c-1863-eeb1d8ed8cef', 3, '1bf8a43c-47fb-4d6c-1863-eeb1d8ed8cef', '2024-01-21 09:30:37', '1bf8a43c-47fb-4d6c-1863-eeb1d8ed8cef', '2024-01-21 13:00:09', 'Toán', 5, 1),
('f13c0063-1b5b-4fd3-a389-ef959547a40c', 5, 'Tổng 2 số', NULL, 1, '<p>Tính tổng 2 số</p>', NULL, 'class Solution {\n    public int solve(int int1, int int2) {\n        return int1 + int2;\n    }\n}', '5984fdaa-1e0e-68c7-3e2b-e89ea5388e0b', NULL, NULL, '1bf8a43c-47fb-4d6c-1863-eeb1d8ed8cef', 3, '1bf8a43c-47fb-4d6c-1863-eeb1d8ed8cef', '2024-01-21 09:27:27', '1bf8a43c-47fb-4d6c-1863-eeb1d8ed8cef', '2024-01-21 13:11:43', 'Toán học', 5, 1);

-- 
-- Dumping data for table contest_problem
--
INSERT INTO contest_problem VALUES
('1cdfc66f-3383-4222-8f83-a98eb8792ab7', '30059f2e-27a7-4ec7-8ff7-c2d364b199e7', '25caf127-790c-4337-8859-82a6107fa2f2', 20, 2),
('4376a110-b90d-44b4-b867-e807b3720586', '30059f2e-27a7-4ec7-8ff7-c2d364b199e7', '34efaf79-91bc-476e-8a99-eda53b00d187', 10, 1),
('792a36b0-2636-4bef-835e-07f0ab31312f', 'dfc8d9e3-ff96-44bd-9f31-73ba898d1c84', '061a8d21-e112-4ed0-8aff-6ee753d04d87', 10, 4),
('85241cc4-482e-48f3-8296-b17e71447d58', 'dfc8d9e3-ff96-44bd-9f31-73ba898d1c84', '25caf127-790c-4337-8859-82a6107fa2f2', 20, 3),
('8ab78680-b59a-45a2-845a-a289842b6a24', 'dfc8d9e3-ff96-44bd-9f31-73ba898d1c84', '34efaf79-91bc-476e-8a99-eda53b00d187', 10, 2),
('8de2faa2-9e28-479f-82f7-1420f59bc531', 'e714546a-57b9-445c-bb78-e57bf1d8d4d8', '34efaf79-91bc-476e-8a99-eda53b00d187', 5, 2),
('af07c615-fa0f-4189-93a0-15a0dad28cb7', 'e714546a-57b9-445c-bb78-e57bf1d8d4d8', 'b12fb54a-7656-4367-a99d-7a8d4bbcd358', 5, 1),
('d2ed29d3-5bfb-4d5f-8019-f691ac72d0aa', 'dfc8d9e3-ff96-44bd-9f31-73ba898d1c84', 'b12fb54a-7656-4367-a99d-7a8d4bbcd358', 10, 1),
('ecd2d176-95ac-4cbd-9115-703874b03b91', 'c6e0ee2e-b205-4753-925c-08782ec52710', '3a0d98a2-7b00-4be0-ab55-869bfa56c0f5', 10, 1),
('fb3386c9-bfb2-4755-aa33-8d8b3c415e54', 'c6e0ee2e-b205-4753-925c-08782ec52710', '34efaf79-91bc-476e-8a99-eda53b00d187', 10, 3),
('ff62ef4c-f027-4112-a4d0-c02cc9e8a341', 'c6e0ee2e-b205-4753-925c-08782ec52710', '061a8d21-e112-4ed0-8aff-6ee753d04d87', 10, 2);

-- 
-- Dumping data for table problem_account
--
INSERT INTO problem_account VALUES
('0bacfc08-bb9b-11ee-96d8-d45d646ae901', 'b12fb54a-7656-4367-a99d-7a8d4bbcd358', '1bf8a43c-47fb-4d6c-1863-eeb1d8ed8cef', 1),
('0fc20e9b-bb9b-11ee-96d8-d45d646ae901', '061a8d21-e112-4ed0-8aff-6ee753d04d87', '1bf8a43c-47fb-4d6c-1863-eeb1d8ed8cef', 1),
('4a71b3eb-ba07-11ee-96d8-d45d646ae901', '25caf127-790c-4337-8859-82a6107fa2f2', '1bf8a43c-47fb-4d6c-1863-eeb1d8ed8cef', 4),
('7de73b79-bf19-11ee-961a-d45d646ae901', '3a0d98a2-7b00-4be0-ab55-869bfa56c0f5', '1bf8a43c-47fb-4d6c-1863-eeb1d8ed8cef', 1),
('c8ca320c-c044-11ee-961a-d45d646ae901', '2bffbb45-5d0f-4ea8-8376-6fcf25345407', '1152da18-24d8-65b6-0380-e8e2a817c80e', 1),
('db3d9e75-bb9a-11ee-96d8-d45d646ae901', '34efaf79-91bc-476e-8a99-eda53b00d187', '1bf8a43c-47fb-4d6c-1863-eeb1d8ed8cef', 1),
('e9f5cd4d-c044-11ee-961a-d45d646ae901', '3a0d98a2-7b00-4be0-ab55-869bfa56c0f5', '1152da18-24d8-65b6-0380-e8e2a817c80e', 1);

-- 
-- Dumping data for table language
--
INSERT INTO language VALUES
('2f1172a9-1b5d-6fc4-777e-3e3b283cabde', 'C (GCC 8.3.0)', 49),
('2f8a5a0d-54fa-587b-5676-66508ad02725', 'C++ (GCC 8.3.0)', 53),
('5984fdaa-1e0e-68c7-3e2b-e89ea5388e0b', 'C# (Mono 6.6.0.161)', 51),
('699acaa2-66da-563a-1702-ce5da15ac776', 'Java (JDK 17.0.6)', 91),
('6f0fc907-5bf7-6e28-ef96-94965a4eaa62', 'JavaScript (Node.js 12.14.0)', 63),
('7e919581-5fd4-1caf-5776-66508ad02725', 'PHP (7.4.1)', 68),
('d0dc804b-90c9-11ee-ba10-d45d646ae901', 'Python (3.11.2)', 92);

-- 
-- Dumping data for table contest_problem_account
--
INSERT INTO contest_problem_account VALUES
('276d4149-8a9e-4e19-a14e-756ad5ba1b8c', '1bf8a43c-47fb-4d6c-1863-eeb1d8ed8cef', 'fb3386c9-bfb2-4755-aa33-8d8b3c415e54', 3),
('67efc04a-9d6d-48c7-8f0b-78ebfeb9a22b', '1bf8a43c-47fb-4d6c-1863-eeb1d8ed8cef', 'd2ed29d3-5bfb-4d5f-8019-f691ac72d0aa', 4),
('6b691811-08b9-4d4a-a926-8f63d0471f6b', '1bf8a43c-47fb-4d6c-1863-eeb1d8ed8cef', 'ff62ef4c-f027-4112-a4d0-c02cc9e8a341', 4),
('aa7e4e6a-b40d-4259-bb3f-30425a8cd7d1', '1bf8a43c-47fb-4d6c-1863-eeb1d8ed8cef', '8ab78680-b59a-45a2-845a-a289842b6a24', 4),
('e67ee85a-661d-41de-a952-54b2f2dd1ace', '1bf8a43c-47fb-4d6c-1863-eeb1d8ed8cef', 'ecd2d176-95ac-4cbd-9115-703874b03b91', 4);

-- 
-- Dumping data for table testcase
--
INSERT INTO testcase VALUES
('21123c77-e1d1-4cbb-af2d-3f2a01e480b4', '3a0d98a2-7b00-4be0-ab55-869bfa56c0f5', '["2", "2"]', '"4"', 2, 0, 1),
('2d2ee3f8-e797-4bab-ae5e-31c8a6752b80', '4b4d0be2-7002-4e98-b966-5a84b0bb0462', '["2", "3"]', '"5"', 0, 1, 1),
('336dcc08-1515-485c-ace5-8d4f8c8cd144', '25caf127-790c-4337-8859-82a6107fa2f2', '["15", "10"]', '"25"', 0, 1, 1),
('3aab138f-b0a4-456f-aa70-5041175e92b0', '34efaf79-91bc-476e-8a99-eda53b00d187', '["1", "1"]', '"0"', 0, 0, 1),
('429fce0e-41cd-480b-90cf-2f7fc417289b', '061a8d21-e112-4ed0-8aff-6ee753d04d87', '["5", "5"]', '"25"', 0, 1, 1),
('603569c3-e6f7-41d6-aca7-def5bd891729', 'b12fb54a-7656-4367-a99d-7a8d4bbcd358', '["5", "6"]', '"30"', 0, 0, 1),
('6f92f1b9-9dc4-4a7d-a246-4c0ed621c4e5', '34efaf79-91bc-476e-8a99-eda53b00d187', '["15", "10"]', '"5"', 0, 1, 1),
('7e78a8d9-cedf-4394-befa-e867813ba8de', '2bffbb45-5d0f-4ea8-8376-6fcf25345407', '["1", "5", "6"]', '"12"', 3, 0, 1),
('8fca724e-244b-43e0-bf0f-98efd674ab81', 'f13c0063-1b5b-4fd3-a389-ef959547a40c', '["3", "6"]', '"9"', 2, 0, 1),
('a25f9e53-ae30-43ab-9467-7cb4c23befb3', 'b12fb54a-7656-4367-a99d-7a8d4bbcd358', '["5", "5"]', '"25"', 0, 1, 1),
('a9ef2e21-1d56-4619-8eb8-e1eb02a603fa', '3a0d98a2-7b00-4be0-ab55-869bfa56c0f5', '["1", "2"]', '"3"', 1, 1, 1),
('ab63b006-16d5-4e23-b7e0-6ae0672f025f', 'f13c0063-1b5b-4fd3-a389-ef959547a40c', '["1", "1"]', '"2"', 1, 1, 1),
('af920f65-c1bd-4bc9-8c79-93357b0b150f', '2bffbb45-5d0f-4ea8-8376-6fcf25345407', '["2", "0", "4"]', '"6"', 2, 1, 1),
('c740ddeb-7519-4ad0-b96e-f76aa426ada7', '25caf127-790c-4337-8859-82a6107fa2f2', '["1", "1"]', '"2"', 0, 0, 1),
('cae16a3f-fe25-4711-a524-e51b8c39b8e8', '4b4d0be2-7002-4e98-b966-5a84b0bb0462', '["4", "7"]', '"11"', 0, 0, 1),
('cafa5566-38a2-4ac4-804e-208c10dd7fc0', '061a8d21-e112-4ed0-8aff-6ee753d04d87', '["0", "50"]', '"0"', 0, 0, 1),
('dbc7634d-3bc7-49b2-aeff-5e3765558de3', '2bffbb45-5d0f-4ea8-8376-6fcf25345407', '["1", "1", "1"]', '"3"', 1, 1, 1);

-- 
-- Dumping data for table submission
--
INSERT INTO submission VALUES
('0b2671b7-0ad2-4912-88c1-d24ce448b64f', NULL, '4a71b3eb-ba07-11ee-96d8-d45d646ae901', 'class Solution {\n    public int solve(int int1, int int2) {\n        \n    }\n}', '5984fdaa-1e0e-68c7-3e2b-e89ea5388e0b', NULL, NULL, 6, 0, 1, '2024-01-27 06:34:00', 'CompilationError', NULL, NULL),
('1240bf7e-634e-482a-97aa-d1eb3ba0507c', '6b691811-08b9-4d4a-a926-8f63d0471f6b', NULL, 'class Solution {\n    public int solve(int num1, int num2) {\n        return num1 * num2;\n    }\n}', '5984fdaa-1e0e-68c7-3e2b-e89ea5388e0b', 0.012000, 3912.000000, 3, 2, 0, '2024-01-30 02:54:22', 'Accepted', NULL, NULL),
('1675cd99-b613-444e-870a-aba53d191ac9', NULL, '4a71b3eb-ba07-11ee-96d8-d45d646ae901', 'class Solution {\n    public int solve(int int1, int int2) {\n        return int1 + int2;\n    }\n}', '5984fdaa-1e0e-68c7-3e2b-e89ea5388e0b', 0.011000, 3972.000000, 3, 2, 0, '2024-01-30 02:29:59', 'Accepted', NULL, NULL),
('207d774c-aae8-4803-9abd-5a7a6b89ca12', 'e67ee85a-661d-41de-a952-54b2f2dd1ace', NULL, 'class Solution {\n    public int solve(int num1, int num2) {\n        return num1 + num2;\n    }\n}', '5984fdaa-1e0e-68c7-3e2b-e89ea5388e0b', 0.012000, 3924.000000, 3, 2, 0, '2024-01-30 02:53:57', 'Accepted', NULL, NULL),
('5954a5e3-5246-4ca7-8812-0adedb627f52', NULL, '7de73b79-bf19-11ee-961a-d45d646ae901', 'class Solution {\n    public int solve(int num1, int num2) {\n        return num1 - num2;\n    }\n}', '5984fdaa-1e0e-68c7-3e2b-e89ea5388e0b', 0.014000, 3972.000000, 4, 0, 2, '2024-01-30 02:45:48', 'WrongAnswer', NULL, NULL),
('6696801c-1cd0-4a4d-a812-3a67034ba11c', NULL, '4a71b3eb-ba07-11ee-96d8-d45d646ae901', 'class Solution {\n    public int solve(int int1, int int2) {\n        return int2;\n    }\n}', '5984fdaa-1e0e-68c7-3e2b-e89ea5388e0b', 0.013000, 3968.000000, 4, 0, 2, '2024-01-25 15:41:27', 'WrongAnswer', NULL, NULL),
('66fcc3e6-0ab3-44ce-b009-f68078733c3c', NULL, '7de73b79-bf19-11ee-961a-d45d646ae901', 'class Solution {\n    public int solve(int num1, int num2) {\n        return num1 + num2;\n    }\n}', '5984fdaa-1e0e-68c7-3e2b-e89ea5388e0b', 0.020000, 4244.000000, 3, 2, 0, '2024-01-30 03:00:54', 'Accepted', NULL, NULL),
('802f0291-1d55-4c42-9018-f4dd105b2b0c', NULL, 'db3d9e75-bb9a-11ee-96d8-d45d646ae901', 'int solve(int num1, int num2) {\n    return num1 - num2;\n}', '2f1172a9-1b5d-6fc4-777e-3e3b283cabde', 0.001000, 848.000000, 3, 2, 0, '2024-01-31 15:04:12', 'Accepted', '[{"ParameterId":"d07faba6-ea9a-4c9a-8471-bf9ff1eadeec","ProblemId":"40ad49be-ea09-403f-8856-868cc790ac31","ParameterName":"num1","ParameterOrder":1,"DataType":5},{"ParameterId":"dff55fe3-c5b5-4ddf-a62f-0e4b086bd1fe","ProblemId":"40ad49be-ea09-403f-8856-868cc790ac31","ParameterName":"num2","ParameterOrder":2,"DataType":5}]', '[{"TestcaseId":"3aab138f-b0a4-456f-aa70-5041175e92b0","ProblemId":"40ad49be-ea09-403f-8856-868cc790ac31","TestcaseOrder":0,"Inputs":["1","1"],"ExpectedOutput":"0","AllowView":false,"IsActivated":true,"Status":{"status_id":3,"status_name":"Accepted","testcase_id":"3aab138f-b0a4-456f-aa70-5041175e92b0","user_msg":null,"token":"fe8a8f67-7f08-4a77-96fe-2443e3748ab0","stdout":"0","stderr":"","compile_output":"","message":"","exit_code":0,"time":"0.001","memory":732}},{"TestcaseId":"6f92f1b9-9dc4-4a7d-a246-4c0ed621c4e5","ProblemId":"40ad49be-ea09-403f-8856-868cc790ac31","TestcaseOrder":0,"Inputs":["15","10"],"ExpectedOutput":"5","AllowView":true,"IsActivated":true,"Status":{"status_id":3,"status_name":"Accepted","testcase_id":"6f92f1b9-9dc4-4a7d-a246-4c0ed621c4e5","user_msg":null,"token":"e40c7abd-3942-48fb-8758-9fc91f8aec3e","stdout":"5","stderr":"","compile_output":"","message":"","exit_code":0,"time":"0.001","memory":848}}]'),
('8ada68a7-2bb9-477a-9d60-b0653da5c0b9', NULL, '4a71b3eb-ba07-11ee-96d8-d45d646ae901', 'class Solution {\n    public int solve(int int1, int int2) {\n        return int1 + int2;\n    }\n}', '5984fdaa-1e0e-68c7-3e2b-e89ea5388e0b', 0.011000, 4012.000000, 3, 2, 0, '2024-01-25 15:40:33', 'Accepted', NULL, NULL),
('9174be55-1009-4afd-aa99-7276f0fb0071', NULL, '4a71b3eb-ba07-11ee-96d8-d45d646ae901', 'class Solution {\n    public int solve(int int1, int int2) {\n        return int2;\n    }\n}', '5984fdaa-1e0e-68c7-3e2b-e89ea5388e0b', 0.015000, 5212.000000, 4, 0, 2, '2024-01-25 15:39:07', 'WrongAnswer', NULL, NULL),
('9b4a05b4-12ac-4b9e-9efc-d79d236b21b1', NULL, '4a71b3eb-ba07-11ee-96d8-d45d646ae901', 'class Solution {\n    public int solve(int int1, int int2) {\n        \n    }\n}', '5984fdaa-1e0e-68c7-3e2b-e89ea5388e0b', NULL, NULL, 6, 0, 1, '2024-01-27 05:02:30', 'CompilationError', NULL, NULL),
('a0a6bade-5684-4b52-a64e-6e86b052345c', NULL, '4a71b3eb-ba07-11ee-96d8-d45d646ae901', 'class Solution {\n    public int solve(int int1, int int2) {\n        return int2;\n    }\n}', '5984fdaa-1e0e-68c7-3e2b-e89ea5388e0b', 0.011000, 3912.000000, 4, 0, 2, '2024-01-25 15:37:32', 'WrongAnswer', NULL, NULL),
('a3af786c-73fc-450a-8b0f-d88cbcfba82c', NULL, '4a71b3eb-ba07-11ee-96d8-d45d646ae901', 'class Solution {\n    public int solve(int int1, int int2) {\n        return int1 - int2;\n    }\n}', '5984fdaa-1e0e-68c7-3e2b-e89ea5388e0b', 0.002000, 4012.000000, 4, 0, 2, '2024-01-24 15:30:35', 'WrongAnswer', NULL, NULL),
('a5c11318-4dca-49c9-956a-dca09c90ddb4', NULL, '4a71b3eb-ba07-11ee-96d8-d45d646ae901', 'class Solution {\n    public int solve(int int1, int int2) {\n        return int1;\n    }\n}', '5984fdaa-1e0e-68c7-3e2b-e89ea5388e0b', 0.017000, 6968.000000, 4, 0, 2, '2024-01-25 14:56:58', 'WrongAnswer', NULL, NULL),
('a9d0f760-fd79-4e2d-a001-6ee266e6e948', '67efc04a-9d6d-48c7-8f0b-78ebfeb9a22b', NULL, 'class Solution {\n    public int solve(int num1, int num2) {\n        return num1 + num2;\n    }\n}', '5984fdaa-1e0e-68c7-3e2b-e89ea5388e0b', 0.012000, 4108.000000, 4, 0, 2, '2024-01-29 17:22:27', 'WrongAnswer', NULL, NULL),
('bb284b37-2a54-4424-8a9e-21618ec3a0ca', NULL, '4a71b3eb-ba07-11ee-96d8-d45d646ae901', 'const solve = function(int1, int2) {\n    \n}', '6f0fc907-5bf7-6e28-ef96-94965a4eaa62', NULL, NULL, 11, 0, 1, '2024-01-25 15:42:17', 'RuntimeErrorNZEC', NULL, NULL),
('bf41effb-a956-4407-83df-69df1bd53d3b', '67efc04a-9d6d-48c7-8f0b-78ebfeb9a22b', NULL, 'class Solution {\n    public int solve(int num1, int num2) {\n        return num1 * num2;\n    }\n}', '5984fdaa-1e0e-68c7-3e2b-e89ea5388e0b', 0.012000, 4012.000000, 3, 2, 0, '2024-01-29 17:22:40', 'Accepted', NULL, NULL),
('c8f74b05-c510-4c76-8241-9fa3eb07d670', NULL, '4a71b3eb-ba07-11ee-96d8-d45d646ae901', 'class Solution {\n    public int solve(int int1, int int2) {\n        return int1 + int2;\n    }\n}', '5984fdaa-1e0e-68c7-3e2b-e89ea5388e0b', 0.011000, 4036.000000, 3, 2, 0, '2024-01-25 15:38:50', 'Accepted', NULL, NULL),
('c9d69d3f-4b6d-4e65-9222-30459335b804', NULL, '7de73b79-bf19-11ee-961a-d45d646ae901', 'class Solution {\n    public int solve(int num1, int num2) {\n        return num1 + num2;\n    }\n}', '5984fdaa-1e0e-68c7-3e2b-e89ea5388e0b', 0.012000, 3964.000000, 3, 2, 0, '2024-01-30 02:46:48', 'Accepted', NULL, NULL),
('ccbbc488-8632-451f-b905-37789fb65822', NULL, '4a71b3eb-ba07-11ee-96d8-d45d646ae901', 'class Solution {\n    public int solve(int int1, int int2) {\n        return int1 + int2;\n    }\n}', '5984fdaa-1e0e-68c7-3e2b-e89ea5388e0b', 0.004000, 4008.000000, 3, 2, 0, '2024-01-23 17:46:02', 'Accepted', NULL, NULL),
('e3b2a8e9-bc8d-45e2-b2ba-ef39601a9f0b', '276d4149-8a9e-4e19-a14e-756ad5ba1b8c', NULL, 'class Solution {\n    public int solve(int num1, int num2) {\n        return 1;\n    }\n}', '5984fdaa-1e0e-68c7-3e2b-e89ea5388e0b', 0.011000, 3960.000000, 4, 0, 2, '2024-01-30 02:54:38', 'WrongAnswer', NULL, NULL),
('ec4db4de-904f-4edb-a3c1-af48aedbf961', 'aa7e4e6a-b40d-4259-bb3f-30425a8cd7d1', NULL, 'class Solution {\n    public int solve(int num1, int num2) {\n        return num1 - num2;\n    }\n}', '5984fdaa-1e0e-68c7-3e2b-e89ea5388e0b', 0.021000, 3996.000000, 3, 2, 0, '2024-01-29 17:22:54', 'Accepted', NULL, NULL),
('ee440ebf-49d2-4a32-95a2-ce080547d2e0', NULL, '4a71b3eb-ba07-11ee-96d8-d45d646ae901', 'class Solution {\n    public int solve(int int1, int int2) {\n        return int1 + int2;\n    }\n}', '5984fdaa-1e0e-68c7-3e2b-e89ea5388e0b', 0.005000, 3964.000000, 3, 2, 0, '2024-01-23 17:45:16', 'Accepted', NULL, NULL);

-- 
-- Dumping data for table parameter
--
INSERT INTO parameter VALUES
('0ef28df2-974b-46a0-aced-bd458635e75f', '2bffbb45-5d0f-4ea8-8376-6fcf25345407', 'int2', 2, 5),
('13a65722-16e3-4e76-bf09-9fbaeeb258d4', '2bffbb45-5d0f-4ea8-8376-6fcf25345407', 'int1', 1, 5),
('1bcaadbf-0ddf-45a3-9d69-5be9e7cc5182', 'b12fb54a-7656-4367-a99d-7a8d4bbcd358', 'num2', 2, 5),
('31182b4b-96fa-4d7b-95c2-8dd7a2e35298', 'b12fb54a-7656-4367-a99d-7a8d4bbcd358', 'num1', 1, 5),
('4319218c-a372-4c51-942e-ecdd76b15a92', '3a0d98a2-7b00-4be0-ab55-869bfa56c0f5', 'num2', 2, 5),
('67292dac-eda3-49ca-adbf-b268c75587e2', '25caf127-790c-4337-8859-82a6107fa2f2', 'int1', 1, 5),
('7cd8cf06-8e9a-42a2-a71f-bfa1c95aad36', '2bffbb45-5d0f-4ea8-8376-6fcf25345407', 'int3', 3, 5),
('88caac4e-fd99-464c-b3cf-65e1695adc95', '3a0d98a2-7b00-4be0-ab55-869bfa56c0f5', 'num1', 1, 5),
('896a2a9a-24fe-48c5-9097-c0769c89c278', '4b4d0be2-7002-4e98-b966-5a84b0bb0462', 'num2', 2, 5),
('9e08e2c9-8e9b-4ce4-a0fc-d567fdf745cd', 'f13c0063-1b5b-4fd3-a389-ef959547a40c', 'int2', 2, 5),
('a963560f-6def-4f93-a221-98f0c3f6f449', '25caf127-790c-4337-8859-82a6107fa2f2', 'int2', 2, 5),
('ab75b7d7-9f20-4718-8266-47d26c20e530', '4b4d0be2-7002-4e98-b966-5a84b0bb0462', 'num1', 1, 5),
('ac9d966c-153d-471f-be60-f76449eb62d8', 'f13c0063-1b5b-4fd3-a389-ef959547a40c', 'int1', 1, 5),
('ad858e70-2357-4e4e-a300-b0c6a93da11f', '061a8d21-e112-4ed0-8aff-6ee753d04d87', 'num2', 2, 5),
('af5eb9b6-2fa5-448e-a55a-562b30601f97', '061a8d21-e112-4ed0-8aff-6ee753d04d87', 'num1', 1, 5),
('d07faba6-ea9a-4c9a-8471-bf9ff1eadeec', '34efaf79-91bc-476e-8a99-eda53b00d187', 'num1', 1, 5),
('dff55fe3-c5b5-4ddf-a62f-0e4b086bd1fe', '34efaf79-91bc-476e-8a99-eda53b00d187', 'num2', 2, 5);

-- 
-- Dumping data for table contest_account
--
INSERT INTO contest_account VALUES
('781e6558-3e12-4294-8b51-c5447ce4976f', 'dfc8d9e3-ff96-44bd-9f31-73ba898d1c84', '1bf8a43c-47fb-4d6c-1863-eeb1d8ed8cef', 3, 540, '2024-01-29 15:21:15'),
('e151870f-b24f-4fce-b3ad-3ef01d5b67d4', 'c6e0ee2e-b205-4753-925c-08782ec52710', '1bf8a43c-47fb-4d6c-1863-eeb1d8ed8cef', 3, 143, '2024-01-30 02:52:45');

-- 
-- Restore previous SQL mode
-- 
/*!40101 SET SQL_MODE=@OLD_SQL_MODE */;

-- 
-- Enable foreign keys
-- 
/*!40014 SET FOREIGN_KEY_CHECKS = @OLD_FOREIGN_KEY_CHECKS */;